Geneid,Length,SRR11908726.host.sorted.bam,SRR11908728.host.sorted.bam,SRR11908729.host.sorted.bam,SRR11908731.host.sorted.bam,SRR11908732.host.sorted.bam,SRR11908734.host.sorted.bam,SRR11908736.host.sorted.bam,SRR11908739.host.sorted.bam,SRR11908741.host.sorted.bam,SRR11908742.host.sorted.bam,SRR11908746.host.sorted.bam,SRR11908749.host.sorted.bam,SRR11908751.host.sorted.bam,SRR11908752.host.sorted.bam,SRR11908753.host.sorted.bam,SRR11908757.host.sorted.bam,SRR11908758.host.sorted.bam,SRR11908760.host.sorted.bam,SRR11908761.host.sorted.bam,SRR11908762.host.sorted.bam,SRR11908763.host.sorted.bam,SRR11908764.host.sorted.bam,SRR11908767.host.sorted.bam,SRR11908768.host.sorted.bam,SRR11908769.host.sorted.bam,SRR11908770.host.sorted.bam,SRR11908771.host.sorted.bam,SRR11908773.host.sorted.bam,SRR11908776.host.sorted.bam,SRR11908779.host.sorted.bam,SRR11908781.host.sorted.bam,SRR11908786.host.sorted.bam,SRR11908788.host.sorted.bam,SRR11908789.host.sorted.bam,SRR11908790.host.sorted.bam,SRR11908791.host.sorted.bam,SRR11908793.host.sorted.bam
A1BG,3382,71,109,38,63,49,71,64,53,42,58,31,44,42,61,62,43,128,56,118,39,45,28,57,24,199,35,95,46,80,138,31,124,44,24,132,163,28
A1BG-AS1,2130,11,40,11,12,13,32,16,32,15,18,4,16,14,14,13,16,36,10,38,10,6,7,27,4,46,14,5,13,45,37,13,35,18,3,31,47,6
A1CF,9481,0,3,4,34,1,1,1,1,0,0,0,2,1,0,0,1,4,5,3,2,1,0,1,2,0,0,0,1,2,2,0,1,0,1,8,0,0
A2M,5208,7165,16067,2254,4199,5455,2395,3554,7086,3259,1188,2691,5033,1284,7293,1659,2822,19022,7866,2823,4180,2327,3205,1615,851,1978,2715,1239,3088,4581,6805,2086,3597,1658,1100,8647,3384,4845
A2M-AS1,2300,16,49,10,11,2,14,10,12,8,8,12,7,12,16,9,10,55,9,6,7,10,7,35,1,4,17,4,18,4,25,12,17,1,2,20,38,6
A2ML1,6832,104,497,164,22,5469,1040,923,57,1198,101,169,12369,629,13656,10203,5223,28204,54,960,11677,2666,6723,179,1289,753,23504,15941,16727,529,289,2995,2075,4198,2360,111,509,24510
A2MP1,1201,0,4,3,1,2,5,3,0,3,2,2,1,2,2,0,2,14,0,1,2,1,0,9,0,0,1,1,3,2,0,1,4,1,0,3,6,1
A3GALT2,1023,9,34,72,58,22,57,16,39,17,22,41,34,69,46,76,28,65,52,29,33,47,57,24,15,12,14,1,25,47,34,32,89,31,62,18,32,15
A4GALT,4266,2862,1085,1048,156,2045,497,944,1366,853,645,3811,314,859,910,892,1152,1094,976,621,1153,466,610,727,691,2342,1492,520,432,1313,916,207,299,100,500,343,965,2077
A4GNT,2068,3,6,3,2,1,2,1,3,1,15,0,2,0,0,2,0,6,0,9,2,1,4,4,1,5,2,0,2,1,3,0,4,2,13,2,20,3
AA06,632,0,0,0,0,0,0,0,0,0,0,0,0,0,0,0,0,0,0,0,0,0,0,0,0,0,0,0,0,0,0,0,0,0,0,0,0,0
AAAS,1815,0,0,0,0,0,0,0,0,0,0,0,16,0,0,0,0,0,0,0,0,0,0,0,0,0,0,0,0,0,0,0,0,0,0,0,0,0
AAAS_1,1815,0,0,0,1,0,0,0,0,0,0,0,0,0,0,0,0,0,0,0,0,0,0,0,0,2,0,0,0,0,0,0,0,0,0,0,0,0
AACS,7750,570,737,817,1778,1102,851,869,909,1133,559,2108,804,666,1347,1734,2065,2318,873,1169,1674,1115,1211,1209,1942,1697,1647,870,1537,836,797,569,1930,1246,1523,970,1695,1023
AACSP1,2825,22,2,0,1,10,52,13,1,25,7,78,28,3,31,10,11,47,2,6,15,9,5,1,3,3,11,3,135,0,36,4,0,3,9,1,5,12
AADAC,1563,10,7,0,2,1,0,0,0,7,6,23,2,0,2,1,0,10,0,1,0,0,2,1,1,1,5,4,0,0,1,1,0,2,1,1,2,6
AADACL2,5060,0,0,0,0,0,0,0,4,1,0,4,6,1,1,1,0,1,0,0,0,0,0,0,0,0,0,1,3,0,0,0,1,0,0,0,0,0
AADACL2_1,3219,0,0,0,0,0,0,0,0,0,0,0,0,0,0,0,0,0,0,0,0,0,0,0,0,0,0,0,0,0,0,0,0,0,0,0,0,0
AADACL2-AS1,772,0,0,1,1,0,0,0,1,1,0,1,0,0,0,0,0,2,0,1,0,0,0,0,0,0,0,0,0,0,0,0,0,0,0,2,0,0
AADACL2-AS1_1,398,0,0,0,0,0,0,0,0,0,0,0,0,0,0,0,0,0,0,0,0,0,0,0,0,0,0,0,0,0,0,0,0,0,0,0,0,0
AADACL3,4055,0,0,0,0,0,0,0,0,0,0,0,0,0,0,0,0,0,0,0,0,0,0,1,0,0,0,2,0,0,0,0,0,0,0,0,0,0
AADACL4,2438,0,0,0,0,0,1,1,1,0,1,0,0,0,0,0,0,0,0,0,0,1,1,0,0,0,0,0,3,0,0,0,1,0,0,0,0,0
AADACP1,1289,5,5,0,4,9,0,0,7,6,0,40,1,2,5,1,0,13,2,1,3,7,0,4,2,1,3,1,0,0,10,0,4,0,15,0,0,1
AADAT,3007,27,142,47,157,23,53,30,234,39,54,5,16,6,45,77,9,60,156,29,44,66,130,0,28,6,47,6,51,20,91,11,31,46,34,88,213,7
AAGAB,3492,497,645,603,880,657,549,555,651,658,542,1251,583,572,705,516,681,2041,1057,980,707,511,932,959,242,324,652,331,631,695,740,1266,837,315,675,571,641,1228
AAK1,21157,1177,1984,2016,781,1359,1693,1397,1067,1570,1050,1780,1106,2072,1143,1630,1053,2759,1177,1367,1834,2182,1396,2465,654,1072,1210,305,1520,1297,2016,2122,1262,881,1213,1057,2319,1226
AAMDC,6730,307,199,139,159,156,111,105,121,207,181,167,70,165,129,177,173,404,177,114,142,220,107,128,129,192,156,211,156,177,263,140,133,126,201,184,233,240
AAMP,1763,1713,859,1408,1682,1332,809,3315,1549,1236,1185,2027,1611,1044,1319,1295,1004,3588,2910,994,1410,902,1868,1298,2647,1412,1639,2142,1363,1423,1394,1572,2758,1517,1859,1079,1790,2398
AANAT,2094,6,21,37,3,14,41,36,10,16,7,13,26,79,43,20,17,13,6,5,10,32,34,22,7,7,18,5,37,50,16,16,13,34,26,4,13,19
AAR2,2852,1142,647,589,989,641,513,802,639,394,379,845,480,624,553,558,546,1299,1470,663,667,370,473,755,1302,1036,406,402,468,630,715,2656,617,338,430,498,556,818
AARD,2291,2,0,4,0,1,1,0,2,0,41,0,2,0,3,1,1,0,24,4,0,18,0,1,0,0,0,0,1,0,0,0,0,0,1,4,3,3
AARS1,3437,3160,1800,2120,3317,1902,1658,3952,2423,2409,2306,4488,1416,6188,1526,2758,3039,5327,1764,2216,2040,2086,906,3360,4569,4256,1701,802,1506,2492,2979,1086,5639,1713,1065,1681,2351,2278
AARS2,4798,492,583,712,1135,543,353,885,892,482,459,757,358,446,786,516,759,1022,811,790,557,507,654,1098,486,1210,709,278,556,503,600,563,881,774,444,517,829,515
AARSD1,1320,1,1,1,0,0,2,1,1,3,1,0,2,4,4,3,2,1,2,1,0,0,2,1,8,3,3,0,1,0,2,3,0,1,0,1,4,0
AASDH,4014,98,270,268,221,60,142,85,219,197,155,223,181,306,206,152,87,550,487,223,209,138,240,277,84,87,161,56,112,169,177,120,164,81,108,123,374,293
AASDHPPT,2767,176,325,406,163,148,190,110,321,344,200,252,348,262,459,348,40,1132,474,234,374,123,306,806,137,80,362,166,318,330,321,181,149,103,158,322,465,564
AASS,5960,79,841,777,70,72,413,39,150,223,133,378,95,259,455,471,89,1803,85,81,1205,57,1008,195,123,28,642,46,598,447,367,268,138,234,676,438,263,319
AATBC,4598,158,218,977,66,389,252,377,230,269,168,175,679,351,458,498,319,476,119,96,484,227,393,115,267,113,432,243,232,337,332,227,467,638,1207,104,497,54
AATF,2062,0,0,0,0,0,0,0,0,0,0,0,0,0,0,0,0,0,0,0,0,0,0,0,0,0,0,0,0,0,0,0,0,0,0,0,0,0
AATF_1,2062,0,0,0,0,0,0,0,0,0,0,0,1,0,0,0,0,1,0,0,0,0,0,0,0,0,0,0,0,0,0,0,0,0,0,0,0,0
AATK,5514,84,113,103,228,89,109,60,85,29,106,47,188,95,169,83,78,88,157,249,88,121,165,57,66,97,121,29,108,164,162,89,93,118,143,655,90,67
ABALON,1903,12,25,33,20,20,26,17,40,11,7,10,15,24,21,16,20,25,28,24,18,32,19,29,19,33,13,7,13,36,12,74,8,5,21,20,14,14
ABAT,12228,287,180,120,954,251,429,105,237,138,95,123,64,113,107,133,348,455,132,175,1158,185,454,372,165,117,300,110,509,470,763,211,272,156,91,333,166,618
ABCA1,10408,487,1728,2910,196,1394,1398,169,1419,943,801,2468,1002,1246,1119,652,379,1258,2419,652,1569,803,1855,3000,396,566,451,116,1332,1529,1319,988,1030,614,1472,335,1181,2612
ABCA10,6364,14,161,81,16,6,18,8,111,31,8,17,12,37,57,28,7,91,16,5,30,34,19,32,2,3,101,4,62,14,17,13,11,16,18,56,45,10
ABCA11P,1895,21,35,61,70,12,41,24,94,78,52,65,56,107,53,36,34,138,144,35,53,36,55,111,25,21,67,24,43,26,41,10,27,59,30,61,116,77
ABCA12,9577,13,92,107,954,121,181,53,14,725,156,251,4880,173,1313,2097,10,2702,78,336,945,178,1197,251,51,10,620,266,1416,35,99,358,489,924,856,207,423,641
ABCA13,27818,4,1075,184,43,117,150,608,232,143,4,727,24,5510,111,134,167,1031,5,5,1277,139,4609,0,301,25,55,24,583,103,304,2491,937,134,2184,88,172,97
ABCA17P,4188,205,116,117,290,33,134,110,62,120,53,130,23,382,28,127,221,101,102,244,178,164,56,70,304,146,9,5,26,61,125,10,86,101,209,46,101,35
ABCA2,8309,1736,1835,2609,3645,676,1615,3367,4709,1225,2028,1767,1321,656,760,646,3028,1492,3361,1800,1073,1688,676,3617,446,1972,458,451,785,2609,2906,1550,1074,2344,1335,1924,2743,1201
ABCA3,6602,2227,790,77,2991,207,101,1877,802,601,935,322,133,816,151,266,730,350,879,897,215,1166,104,563,205,3107,174,73,149,856,922,88,144,394,780,381,203,131
ABCA4,7328,32,46,3,1,18,6,4,53,28,46,14,46,2,6,72,6,20,4,8,9,18,28,1,1,7,18,2,13,1,11,2,89,3,2,42,38,8
ABCA5,9455,119,605,730,262,93,568,150,768,486,183,331,164,733,574,640,58,919,631,124,775,275,482,269,82,53,801,127,752,313,286,305,129,172,509,290,616,608
ABCA6,5321,40,225,43,56,34,36,27,99,34,13,19,27,20,54,18,17,320,20,13,80,43,28,6,2,3,98,11,109,22,35,11,38,24,4,108,82,37
ABCA7,6925,939,883,1681,2289,536,1310,2185,1269,1343,1101,1383,1102,815,995,1210,1251,2604,896,623,1516,1973,2368,1562,1543,1334,1297,1307,1310,1504,1704,1974,1150,1703,1144,1413,1993,1091
ABCA8,6646,77,616,2,51,13,14,40,54,32,2,2,7,4,97,1,8,201,5,3,197,42,2,3,1,2,287,4,146,3,34,17,75,28,7,108,40,84
ABCA9,7238,61,410,50,85,44,64,21,120,50,11,12,21,40,62,5,17,623,17,5,66,50,17,13,3,1,124,2,105,17,83,14,64,45,10,190,77,28
ABCA9-AS1,523,1,0,2,0,2,1,1,0,0,0,0,0,0,0,0,0,1,0,0,0,0,0,0,0,0,0,0,0,0,0,0,1,0,0,0,0,0
ABCB1,5733,17,425,39,68,28,35,50,62,23,54,47,94,23,137,38,19,287,303,64,38,58,63,129,8,14,72,16,84,165,62,57,56,24,27,236,97,221
ABCB10,5436,82,285,500,571,118,195,167,353,200,194,449,144,466,278,337,220,811,555,246,336,162,313,362,88,103,300,81,203,265,251,231,216,235,107,250,282,211
ABCB11,7507,0,0,8,0,6,4,1,1,6,0,5,1,29,3,1,4,4,0,3,7,0,1,1,5,0,3,0,21,0,0,19,1,3,15,0,1,47
ABCB11_1,4198,0,0,0,0,0,0,0,0,0,0,0,0,0,0,0,0,0,0,0,0,0,0,0,0,0,0,0,0,0,0,0,0,0,0,0,0,0
ABCB4,12098,23,103,47,26,34,87,40,34,135,27,80,40,83,62,66,16,105,25,23,85,47,91,36,12,14,99,12,127,41,87,39,36,23,34,28,88,79
ABCB5,7701,5,1,0,6,6,40,1,3,0,1,0,0,0,9,0,1,23,0,0,0,34,1,1,0,0,2,0,2,1,4,0,12,0,0,0,0,0
ABCB6,2980,1080,438,778,939,716,456,2550,3063,1195,541,1144,1189,509,699,1319,1085,1414,1132,603,1400,576,989,487,1388,1150,610,454,720,389,749,887,2933,2049,1451,407,1693,424
ABCB7,4595,213,514,581,416,352,167,227,303,583,247,435,313,362,385,469,131,1189,850,374,549,134,356,623,111,106,350,99,230,323,491,463,408,245,210,192,481,355
ABCB8,4707,649,792,657,1031,638,384,1036,790,433,429,1198,703,720,608,470,542,799,1042,520,550,472,743,449,971,637,581,578,564,338,635,923,511,614,705,413,1028,549
ABCB9,10311,516,245,133,321,186,241,243,354,124,164,249,114,341,117,164,343,485,298,271,222,190,251,209,422,457,152,113,180,378,434,355,294,313,290,201,283,108
ABCC1,8370,139,30,53,13,53,57,60,88,59,48,108,45,35,45,26,53,19,58,55,61,10,17,36,43,40,38,14,34,38,56,58,291,23,56,21,26,17
ABCC1_1,11212,133,83,24,26,49,65,37,138,8,54,91,30,42,51,41,44,85,56,41,150,28,26,29,56,32,67,16,30,33,46,80,97,89,24,39,49,15
ABCC10,6757,494,1145,939,721,845,743,866,761,778,760,1702,638,655,712,561,1168,1644,844,626,929,763,1187,1670,678,1703,904,345,903,662,1051,692,1361,1009,683,751,1254,809
ABCC11,7819,5,4,33,43,7,14,7,3,28,11,5,14,6,31,18,13,19,10,5,11,7,11,22,14,8,10,1,8,11,5,5,25,9,7,3,16,7
ABCC12,7908,0,1,0,0,0,0,0,0,0,0,0,3,0,0,0,0,0,0,0,0,0,0,0,0,0,0,1,0,0,0,0,0,0,0,0,0,0
ABCC13,2953,0,0,1,0,0,0,0,0,0,5,0,0,0,0,5,0,7,0,0,0,1,0,0,0,0,1,2,0,3,4,1,2,0,2,0,0,0
ABCC2,8291,5,20,51,23,14,16,16,53,14,29,35,46,37,11,25,34,52,30,40,23,35,9,35,7,18,9,4,30,15,24,40,18,15,12,41,18,13
ABCC3,5798,1590,1283,1278,9887,886,966,279,3887,388,2153,276,472,1639,249,726,373,752,1714,1688,535,188,344,235,536,861,690,98,379,630,978,455,1590,313,295,4922,1750,229
ABCC4,18266,99,502,319,236,94,410,87,675,248,170,82,301,298,284,237,83,627,158,257,305,141,303,326,123,226,63,51,93,157,209,336,127,46,88,173,318,190
ABCC5,10217,2085,2807,2767,985,3060,3535,2743,1081,1750,762,12470,666,2939,1713,2428,6503,4474,1785,1625,3684,2051,5691,1524,3677,2625,3765,354,4983,785,4047,5030,16227,3282,5189,583,4239,977
ABCC5-AS1,469,4,9,9,4,1,22,5,8,5,9,23,0,17,7,11,7,12,3,4,12,9,35,5,5,6,8,1,16,4,9,8,23,4,42,3,13,0
ABCC6,5602,21,3,3,40,0,0,0,33,0,2,0,0,2,2,0,0,0,5,4,0,4,0,0,0,0,0,1,0,5,1,1,0,1,0,7,0,0
ABCC6_1,5602,9,2,0,52,0,0,0,8,0,3,0,0,3,1,0,0,2,17,1,0,1,0,0,0,0,0,0,0,19,0,0,0,0,0,6,1,0
ABCC6P1,2728,2,3,0,51,0,1,0,14,0,4,1,0,0,0,0,0,0,18,1,0,1,0,0,0,0,0,0,0,25,0,0,0,0,0,10,2,0
ABCC6P1_1,530,0,0,0,1,0,0,0,0,0,0,0,0,0,0,0,0,0,2,0,0,0,0,0,0,0,0,0,0,0,0,0,0,0,0,0,0,0
ABCC6P2,711,0,0,0,0,0,1,0,1,0,0,0,0,0,0,0,0,0,0,0,0,0,0,0,0,0,0,0,0,1,0,0,0,0,0,0,0,0
ABCC6P2_1,711,0,0,0,1,0,0,0,0,0,0,0,0,0,0,0,0,0,0,0,0,0,0,0,0,0,0,0,0,0,0,0,0,0,0,0,0,0
ABCC8,5603,1,9,1,3,1,0,6,3,5,0,0,0,1,25,0,1,17,0,0,0,3,1,1,2,0,10,0,22,1,3,0,8,1,1,9,4,0
ABCC9,8960,90,611,35,115,38,37,12,106,168,27,36,69,21,205,44,16,394,63,50,311,50,54,7,9,6,97,9,100,29,125,11,38,28,14,252,136,61
ABCD1,3969,293,284,444,306,350,715,462,271,380,345,1117,340,297,184,95,417,501,548,279,272,464,183,1596,871,913,146,119,363,1105,497,640,728,371,234,489,291,604
ABCD2,17751,4,48,30,29,4,12,13,36,19,43,11,11,11,15,7,4,155,65,15,19,11,19,202,0,8,5,4,38,45,12,18,17,9,1,147,50,93
ABCD3,26865,364,1014,1425,2593,243,585,235,1514,963,918,974,725,1103,781,848,289,2758,1480,667,901,466,912,1841,221,167,1267,717,1131,658,590,630,675,335,537,1137,1010,1350
ABCD4,3439,457,535,699,826,565,424,659,594,482,473,1240,443,665,545,471,835,950,675,572,507,863,512,625,1098,891,687,175,583,709,813,329,551,539,372,511,800,616
ABCE1,3887,193,535,646,735,204,374,389,533,264,378,675,831,661,712,500,150,1790,1457,755,545,302,653,917,488,287,573,213,197,744,290,496,221,118,507,491,912,903
ABCF1,3405,1,0,0,1,0,2,2,0,0,0,0,0,1,0,0,0,1,0,1,2,0,1,0,3,0,0,0,0,0,0,1,0,0,0,1,0,0
ABCF1_1,3405,0,0,0,0,0,0,0,0,0,0,0,0,0,0,0,0,0,0,0,0,0,0,0,0,0,0,0,0,0,0,0,0,0,0,0,0,0
ABCF1_2,3405,0,0,0,0,0,0,0,0,0,0,0,0,0,0,0,0,0,0,0,0,0,0,0,0,0,0,0,0,0,0,0,0,0,0,0,0,0
ABCF1_3,3405,2,0,0,0,0,0,0,0,0,0,0,0,0,0,0,0,2,0,0,0,0,0,0,2,0,1,0,0,0,0,1,0,1,0,0,0,0
ABCF1_4,3405,0,1,0,0,8,0,13,0,1,4,1,0,0,26,2,7,1,2,0,2,0,0,0,0,0,0,0,2,0,0,0,0,3,7,6,1,0
ABCF1_5,3405,0,0,0,0,0,0,0,0,0,0,0,0,0,0,0,0,0,0,0,0,0,0,0,0,0,0,0,0,0,0,0,0,1,0,0,0,0
ABCF1_6,3405,0,0,0,0,0,0,0,0,0,0,0,0,0,0,0,0,0,0,0,0,0,0,0,0,0,0,0,0,0,0,0,0,0,0,0,0,0
ABCF1-DT,543,0,0,0,0,0,0,0,0,0,0,0,0,0,0,0,0,0,0,0,0,0,0,0,0,0,0,0,0,0,0,0,0,0,0,0,0,0
ABCF2,4527,152,280,228,215,219,183,332,183,139,166,319,329,202,289,165,127,401,347,188,176,120,213,224,373,401,226,147,116,155,193,348,204,191,317,148,299,192
ABCF2-H2BK1,2316,1,3,5,1,1,2,3,0,2,1,1,1,2,1,1,3,1,4,0,0,0,3,0,3,3,1,1,1,0,0,3,0,0,0,3,1,0
ABCF3,2487,1506,1150,1422,1032,1079,1319,1920,1095,637,979,2545,751,943,1002,941,3126,2236,1818,1512,1368,1096,1640,1830,2820,1997,998,722,1310,1404,1429,1917,2721,1464,1128,785,1982,1029
ABCG1,4269,641,541,570,492,791,492,269,510,291,852,792,810,735,314,1122,205,626,3484,498,380,405,296,1505,420,1776,216,603,372,536,627,661,432,206,598,149,477,466
ABCG2,5548,25,244,14,50,26,28,18,41,26,10,13,53,12,123,46,17,165,148,19,25,24,40,21,13,12,112,15,74,25,79,27,87,8,27,334,68,40
ABCG4,4537,6,14,0,4,7,4,1,46,0,4,1,498,0,28,34,1,2,9,5,3,7,5,6,5,16,33,314,8,4,7,0,3,4,4,12,9,1
ABCG5,4221,3,12,6,7,3,5,0,2,1,7,2,0,12,2,5,0,4,5,2,4,8,3,4,1,1,4,0,0,5,1,5,3,2,2,3,4,1
ABCG8,7180,3,10,5,10,2,18,0,6,0,5,4,7,14,12,2,1,6,2,3,0,6,3,2,0,4,0,0,0,1,3,13,6,7,1,10,2,3
ABHD1,1444,19,29,34,24,7,18,15,20,15,38,17,23,43,24,10,42,28,12,31,9,27,13,32,16,72,12,4,10,29,40,23,16,14,15,18,19,21
ABHD10,2656,295,426,348,375,171,296,169,431,272,254,553,131,256,304,315,108,1098,654,280,464,149,568,515,201,182,301,100,376,356,357,305,434,181,375,263,611,584
ABHD11,1935,465,247,268,1081,616,385,404,1282,299,205,864,162,335,244,195,397,773,99,235,371,536,538,192,301,483,304,132,281,506,405,958,548,257,325,428,393,320
ABHD11-AS1,473,46,15,21,59,28,30,8,37,13,15,26,9,24,6,9,9,39,7,19,21,46,17,2,5,13,20,5,20,21,60,27,17,4,17,45,14,41
ABHD12,4561,2104,1022,1152,1451,1137,978,1461,1475,843,822,1645,1197,1447,745,1305,1377,2298,1631,1351,1251,1224,1100,1821,2364,1872,1460,2230,1387,1549,1729,2500,948,1118,1272,762,1164,1562
ABHD12B,5552,12,44,100,1,42,31,63,35,19,15,46,32,115,124,35,13,66,43,22,146,23,62,49,34,78,41,11,57,144,81,7,12,79,104,11,22,26
ABHD13,5521,101,334,264,356,125,124,78,140,146,178,189,164,184,185,141,93,694,546,256,229,86,205,270,98,105,216,183,178,223,171,156,84,74,105,266,207,283
ABHD14A,1066,272,178,218,205,65,164,121,200,152,256,116,98,83,88,81,190,244,198,28,76,107,134,233,143,163,89,121,104,97,185,127,150,79,243,141,150,122
ABHD14A-ACY1,1836,0,0,0,0,0,0,0,0,0,0,0,0,0,0,0,0,0,0,0,0,0,0,0,0,0,0,0,0,0,0,0,0,0,0,0,0,0
ABHD14B,2437,1179,1050,1130,1855,506,847,783,1956,1284,427,2113,1059,843,809,1465,1099,1549,744,374,902,701,1077,762,1066,1239,789,1255,530,1153,1087,973,942,412,432,899,706,1539
ABHD15,3492,323,255,262,653,217,209,459,268,216,196,357,121,299,144,107,396,447,336,248,178,246,230,392,315,580,199,98,178,456,259,267,373,192,240,217,312,339
ABHD16A,2324,0,0,0,0,0,0,0,0,0,0,0,0,0,0,0,0,0,0,0,0,0,0,0,0,0,0,0,0,0,0,0,0,0,0,0,0,0
ABHD16A_1,2324,0,0,0,0,0,0,0,0,0,0,0,0,0,0,0,0,0,0,0,0,0,0,0,0,0,0,0,0,0,0,0,0,0,0,0,0,0
ABHD16A_2,2324,0,0,0,0,0,0,0,0,0,0,0,12,0,0,0,0,0,0,0,0,0,0,1,0,0,0,0,0,0,0,0,0,0,0,0,0,0
ABHD16A_3,2324,0,0,0,0,0,0,0,0,0,0,0,0,0,0,0,0,0,0,0,0,0,0,0,0,0,0,0,0,0,0,0,0,0,0,0,1,0
ABHD16A_4,2324,0,0,0,0,0,0,0,0,0,0,0,0,0,0,0,0,0,0,0,0,0,0,0,1,0,0,0,0,2,0,0,0,0,0,1,0,0
ABHD16A_5,2323,0,0,0,0,0,0,0,0,0,0,0,0,0,0,0,0,0,0,0,0,0,0,0,0,0,0,0,0,0,0,0,0,0,0,0,0,0
ABHD16A_6,2323,0,0,0,0,0,0,1,6,0,0,0,0,0,0,0,0,0,0,0,0,0,0,1,0,0,6,0,0,0,0,0,0,0,0,0,0,0
ABHD16B,1491,0,0,0,0,0,0,0,0,0,0,0,0,0,0,0,0,0,0,0,0,0,0,0,0,0,0,0,0,0,0,0,0,0,0,0,0,0
ABHD17A,4786,575,511,722,710,477,345,766,465,217,225,528,558,442,586,553,506,961,535,366,429,404,435,664,692,758,587,1590,472,677,591,577,489,445,415,404,629,462
ABHD17B,7593,158,316,414,204,217,203,156,141,413,202,458,440,331,238,579,95,697,436,205,375,213,325,349,108,98,270,175,330,292,314,314,220,164,362,175,298,471
ABHD17C,2361,589,754,1158,1471,1156,586,590,660,666,506,2256,620,966,805,1570,1377,1524,1075,2255,1214,791,938,801,587,723,1004,682,617,1579,1160,2704,604,473,1978,827,496,1100
ABHD18,7676,110,314,337,711,111,245,114,383,186,216,274,171,376,180,171,71,595,516,199,279,211,245,240,67,106,273,27,127,439,203,144,104,83,139,225,306,318
ABHD2,10457,3775,3410,1460,3681,2348,1771,2426,4741,4516,1586,7756,1316,2946,1450,1552,2265,6245,2513,2265,2750,3273,2670,1546,945,925,4116,302,2578,1578,3205,3748,5383,1570,1003,2453,1614,1648
ABHD3,2800,138,420,479,416,285,424,216,420,292,367,685,120,680,509,283,349,1551,610,385,439,311,491,702,154,188,364,81,424,421,436,627,728,182,16,341,555,453
ABHD4,3244,2127,1079,1150,582,1102,620,1386,956,827,824,2219,746,743,498,847,1031,2836,834,731,748,645,901,848,2606,1399,1744,1663,1047,1374,1338,749,2106,1065,788,521,1128,912
ABHD5,6270,262,402,541,506,273,318,141,880,430,621,693,890,352,455,1474,430,1215,605,258,1094,739,918,684,126,154,697,1041,779,695,382,1657,249,164,681,431,379,1326
ABHD6,2321,160,150,159,133,75,179,115,95,74,66,154,267,42,163,287,163,177,339,211,187,51,222,475,229,226,120,213,126,197,183,675,131,29,373,135,190,315
ABHD8,2042,446,314,431,498,288,195,431,322,171,548,222,407,130,197,202,368,596,396,252,236,195,242,688,628,581,187,356,208,383,398,166,479,193,402,250,402,269
ABI1,5849,779,1136,2000,1220,1114,1372,720,934,1278,803,1524,1386,1620,1057,1880,1111,3985,2436,1417,2348,1402,1966,1596,622,574,1906,746,2213,2004,1379,1394,1104,706,1602,875,1117,2489
ABI2,7438,562,1192,822,1367,520,708,591,1020,1051,801,744,466,672,480,462,401,1625,768,339,966,264,708,890,327,460,568,61,481,844,884,375,582,244,533,943,1306,437
ABI3,1650,120,545,626,140,351,332,620,347,123,280,191,391,136,247,139,246,950,724,356,216,205,378,971,324,252,127,377,248,785,374,480,393,194,154,142,409,670
ABI3BP,7414,148,1597,43,516,55,125,351,271,130,74,46,160,25,437,19,110,1065,14,68,133,134,91,58,49,66,435,30,280,432,78,72,312,144,20,391,460,61
ABITRAM,2139,63,316,641,348,197,222,199,275,234,342,658,469,518,359,438,105,1019,690,532,355,178,480,384,225,149,445,149,356,272,414,364,323,194,827,225,550,395
ABL1,6991,2077,3100,1918,2542,1935,1543,3795,1730,1492,1702,4286,1164,2018,1164,1119,2464,2927,3404,2296,2263,1007,1150,2173,1747,2703,1258,530,1128,1733,2656,2863,2101,1389,1217,2054,1829,1022
ABL2,17513,529,1115,1067,816,725,760,410,653,873,801,752,705,1313,795,530,514,1904,1330,1899,1093,761,560,3539,367,294,591,109,477,753,904,875,1107,568,934,874,1172,546
ABLIM1,10163,3965,3074,3035,9444,4113,1324,1432,8794,2445,2893,3742,5129,3126,4234,11325,5178,13423,2898,2188,11044,4729,6949,1445,2491,534,10297,3053,10726,7426,3676,5918,3375,2142,6083,6297,2992,4013
ABLIM2,5417,248,106,437,139,87,223,95,162,147,147,315,159,530,144,632,427,518,546,230,470,296,346,513,113,144,782,504,781,393,142,210,261,797,265,230,225,407
ABLIM3,7968,918,245,44,55,2138,441,204,145,312,84,307,183,184,1514,1331,568,674,94,208,797,622,374,412,432,258,1343,702,774,174,547,153,219,115,981,884,158,635
ABO,6339,7,79,44,6,183,188,281,10,140,5,347,12,2,27,16,364,290,52,23,336,135,155,63,48,142,247,18,191,90,56,4,268,156,185,162,171,49
ABO_1,6478,8,241,40,7,623,266,758,9,321,14,293,17,3,61,45,1066,654,220,44,943,470,332,156,79,298,539,40,595,241,69,4,681,419,468,342,302,98
ABR,10022,19,67,60,21,42,84,51,22,29,45,29,45,18,31,33,21,52,50,34,42,25,36,49,8,17,14,1,50,102,39,27,27,55,10,127,50,31
ABR_1,6692,1,0,0,0,0,0,1,0,0,0,0,0,1,0,0,1,0,0,1,0,1,0,0,0,0,1,0,0,0,0,1,1,0,0,0,0,0
ABR_2,5647,0,0,1,1,0,0,0,0,0,0,0,1,1,0,0,0,0,0,1,56,1,2,0,0,1,1,0,0,1,0,0,0,1,0,0,0,0
ABR-AS1,1216,0,0,0,0,0,0,0,0,0,0,0,0,0,0,0,0,0,0,0,0,0,0,0,0,0,0,0,0,0,0,0,0,0,0,0,0,0
ABR-AS1_1,2467,0,0,0,0,0,0,0,0,0,0,0,0,0,0,0,0,0,0,0,0,0,0,0,0,0,0,0,0,0,0,0,0,0,0,0,0,0
ABRA,2754,3,3,6,6,1,2,4,3,4,4,9,2,1,10,0,1,7,6,1,6,3,5,6,0,0,1,1,1,5,4,3,0,0,1,2,3,0
ABRACL,1103,139,327,440,411,368,210,267,402,197,573,306,259,271,276,198,199,1391,357,574,374,165,440,486,341,136,219,304,602,348,259,650,524,106,564,239,424,531
ABRAXAS1,4346,39,142,59,79,31,36,23,90,69,49,75,45,92,61,57,16,197,135,41,52,34,67,42,19,13,75,17,50,69,54,38,35,18,31,76,102,136
ABRAXAS2,3320,164,415,397,494,192,206,130,373,196,232,446,360,496,278,312,227,1093,883,287,377,340,431,617,170,99,395,134,320,543,315,392,157,133,339,332,318,517
ABT1,2943,33,17,18,15,39,14,83,15,0,16,0,46,23,35,20,66,1,42,49,11,37,17,0,77,47,22,20,8,3,15,2,12,8,17,8,11,5
ABT1_1,2943,6,9,14,20,0,1,4,18,29,11,107,0,12,28,17,1,108,31,32,31,7,63,122,1,8,6,34,26,48,28,57,50,31,17,22,41,52
ABTB1,2008,853,843,1158,322,631,565,464,624,155,625,358,508,231,439,1083,661,800,799,439,515,554,1172,558,439,1540,507,714,427,1586,1141,1300,741,597,886,663,1188,577
ABTB2,4905,483,294,86,151,470,266,1192,110,216,949,121,446,502,294,332,649,572,54,356,225,146,126,282,146,167,347,204,829,251,337,224,247,230,283,295,428,162
ABTB3,7458,295,260,699,33,885,509,272,1274,549,48,657,532,10,863,726,1907,1197,326,1175,972,630,478,457,1178,1322,1233,731,887,2982,813,98,603,845,101,99,531,661
ACAA1,2268,654,394,611,591,368,334,458,560,554,540,642,1245,304,1325,1424,1021,987,554,571,466,900,561,799,596,353,898,3358,601,612,693,747,532,308,537,783,502,1034
ACAA2,2926,961,340,116,136,142,93,125,155,70,813,95,324,49,254,192,106,366,1168,265,286,305,55,201,78,113,349,306,176,389,339,133,125,66,72,610,240,230
ACACA,12232,0,2,7,13,7,7,2,15,0,1,13,11,8,1,6,11,11,3,3,1,2,0,6,7,0,8,13,3,3,5,0,13,4,0,4,5,6
ACACA_1,11427,11,18,7,3,18,4,3,1,22,10,3,2,13,12,7,6,17,8,13,22,12,16,3,2,7,6,4,6,9,5,13,9,0,10,5,6,4
ACACB,14467,641,960,341,1130,363,619,569,604,1014,532,198,238,354,826,435,660,1275,460,164,790,286,546,480,355,422,751,59,750,491,985,264,1037,757,390,1044,933,234
ACAD10,4099,584,496,460,612,348,283,308,428,588,318,613,316,548,409,420,512,626,576,419,452,332,402,402,447,307,391,141,341,383,428,527,524,304,241,332,610,318
ACAD11,3841,0,0,0,0,0,0,0,0,0,0,0,0,0,0,0,0,0,0,0,0,0,0,0,0,0,0,0,0,0,0,0,0,0,0,0,0,0
ACAD8,3398,287,419,336,586,288,157,261,357,292,181,292,606,232,305,343,240,705,277,226,409,210,215,435,169,451,426,274,385,367,467,318,367,190,185,298,530,403
ACAD9,2646,1877,852,1775,1225,1132,865,1266,1752,744,769,2003,943,1061,1009,1340,1025,2507,1783,1612,2214,924,1901,1395,1224,1648,1143,563,1289,2179,1013,1958,2894,1265,1482,858,1913,1164
ACAD9-DT,6373,139,181,253,46,156,80,57,111,129,71,108,115,87,102,353,95,198,100,79,236,130,154,32,60,22,53,6,71,62,33,290,316,95,362,46,200,58
ACADL,3387,12,3,0,188,0,2,69,18,83,47,0,0,3,9,0,7,21,1,5,7,28,9,0,12,0,16,1,12,4,1,0,5,8,0,11,5,1
ACADM,2372,116,258,527,964,70,172,243,311,267,338,367,261,154,256,290,171,1529,913,309,396,117,463,395,237,110,385,249,425,1652,224,1008,196,128,266,253,537,513
ACADS,1999,497,214,238,731,364,72,466,469,253,133,937,106,337,168,228,528,718,861,284,271,256,333,232,670,620,318,491,300,457,454,555,383,246,280,271,298,409
ACADSB,5848,59,278,140,127,64,108,31,279,96,76,190,71,151,170,193,160,507,393,64,311,274,181,125,44,38,179,50,445,164,123,166,87,46,64,166,148,612
ACADVL,2505,4426,5657,2307,5746,2463,2476,3311,6478,2893,1979,3184,3048,4451,3730,3828,5539,5906,6691,3900,3401,3052,3549,4678,5546,3121,5743,4613,3821,4065,5093,4261,3486,2928,3831,4644,5828,2845
ACAN,9320,104,52,95,30,29,72,29,133,35,29,26,55,36,80,66,44,37,13,33,69,12,28,68,82,93,39,4,17,19,198,30,45,12,79,30,231,4
ACAP1,2560,0,0,0,0,0,4,0,12,0,0,0,0,0,0,0,0,0,0,0,0,0,0,0,0,0,0,0,2,0,0,0,0,0,0,0,0,0
ACAP1_1,2560,0,1,0,0,0,0,0,0,0,0,0,0,0,1,1,0,1,0,0,0,0,3,1,0,2,0,0,0,16,0,0,0,0,0,0,1,0
ACAP2,13606,415,1898,1898,884,368,1044,252,1452,789,580,2263,625,1063,874,1217,486,3099,1524,527,1923,695,1950,1838,353,213,1194,251,1534,1317,628,807,770,347,1242,807,1776,1155
ACAP3,3934,1540,1319,1571,1215,847,918,705,938,643,887,2304,2188,1214,2204,3269,2068,1941,1611,1861,1581,2512,1303,1159,3472,2091,2623,3206,1585,1440,1624,855,2127,2441,1536,869,1873,867
ACAT1,2297,262,526,287,413,206,178,246,721,325,213,582,334,362,549,349,191,996,762,276,371,298,255,651,111,78,593,445,387,446,612,355,432,198,193,391,681,578
ACAT2,1821,443,316,411,736,338,214,153,469,209,558,751,771,428,383,1377,1399,1974,987,405,886,435,900,620,1021,404,507,674,558,230,326,669,1167,427,1129,425,970,415
ACBD3,3584,253,458,739,1182,338,333,342,680,839,624,768,594,959,705,937,404,2471,986,1070,819,554,800,1409,193,153,688,177,704,698,863,642,547,697,322,626,783,555
ACBD3-AS1,441,4,19,16,21,6,23,1,11,23,10,12,19,18,25,24,5,19,14,7,19,7,10,11,2,3,23,74,12,15,10,5,9,9,4,4,13,5
ACBD4,4522,583,264,138,470,196,164,258,269,157,192,152,147,92,140,141,310,367,320,132,208,217,192,195,380,370,217,117,184,371,443,186,238,75,139,310,305,153
ACBD5,6424,209,382,532,649,164,380,180,521,406,330,660,315,500,248,403,171,1361,875,476,435,289,469,597,86,108,450,80,558,623,372,217,279,124,319,368,357,1477
ACBD6,13158,609,558,909,666,432,546,570,641,593,811,866,434,1418,576,592,706,1578,899,949,476,428,617,1095,790,782,466,254,438,407,709,847,1056,843,574,555,850,957
ACBD7,3370,136,51,52,161,13,41,31,245,68,148,23,2,285,2,16,25,183,153,22,51,62,51,35,6,39,49,2,20,185,248,157,87,24,37,76,77,1
ACBD7-DCLRE1CP1,997,0,0,0,0,0,0,0,1,0,0,0,1,0,0,0,0,0,1,0,0,0,0,0,0,0,0,0,0,0,0,1,0,0,0,0,0,0
ACCS,6466,414,570,337,350,206,290,193,206,324,168,203,281,603,278,225,254,442,137,153,264,166,152,413,121,202,301,58,523,264,380,51,439,208,87,590,350,96
ACCSL,2320,3,0,2,0,0,2,0,0,4,1,1,1,3,0,0,0,3,2,1,3,0,2,1,0,0,2,2,2,0,3,1,2,0,1,0,1,3
ACD,1527,736,431,460,858,345,498,760,460,348,218,482,244,1011,298,434,466,675,261,455,517,296,215,852,1617,879,313,232,318,639,604,315,574,353,285,292,617,429
ACE,5340,577,863,403,2342,638,584,483,682,249,314,219,797,470,534,671,788,603,1011,1018,785,236,396,492,463,606,145,304,392,1248,561,444,424,349,432,976,908,650
ACE2,4594,2,101,62,7,129,57,31,48,180,22,151,76,139,95,35,9,469,13,32,52,60,76,516,24,4,116,44,236,29,51,70,124,52,34,15,30,450
ACE2-DT,574,0,0,0,0,0,0,0,2,1,0,0,0,0,0,0,0,1,0,0,1,1,0,1,0,0,0,1,0,0,0,1,1,0,0,0,0,0
ACER1,1746,3,5,6,1,7,3,2,2,0,0,2,232,0,29,52,2,6,3,0,1,0,1,2,0,1,158,579,19,7,3,2,6,1,14,4,5,0
ACER2,3452,34,114,302,51,72,76,37,210,84,51,129,108,64,60,199,48,123,123,46,126,119,99,154,38,56,108,14,113,64,231,230,71,55,108,59,63,87
ACER3,7791,153,860,658,525,358,497,175,282,360,403,518,584,518,502,529,113,1354,588,399,615,452,481,748,236,196,556,153,465,763,369,318,272,168,1452,837,1056,677
ACHE,3512,47,91,28,28,131,106,50,26,26,26,38,37,19,21,20,257,143,13,18,29,298,31,92,11,8,92,14,37,31,65,437,28,47,38,56,39,43
ACIN1,8632,3511,4316,4590,5260,3392,3770,4585,3909,3698,3859,5780,3759,5335,4607,3467,6899,8100,6320,4671,3949,4323,4058,5247,3376,2583,4949,875,3494,5775,4844,2658,5178,3671,3437,3282,5262,3067
ACKR1,1196,63,1822,13,178,90,101,534,221,93,51,94,882,10,1192,10,97,861,11,40,98,238,84,4,38,227,645,336,444,76,167,135,644,201,7,542,71,221
ACKR2,2990,9,77,13,47,21,54,11,1374,16,81,39,359,8,80,260,11,87,16,15,35,99,39,113,11,8,135,198,123,227,19,81,47,17,56,133,14,46
ACKR3,2948,1891,1615,188,233,2257,1990,4624,384,2392,732,1235,439,523,1609,1191,834,7072,7406,552,8445,387,1784,5076,195,1454,333,444,1415,321,2952,1013,3685,3886,5983,416,3616,1365
ACKR4,2562,3,19,112,26,6,5,37,9,9,9,6,6,5,13,9,8,25,13,47,17,7,17,17,1,4,5,26,10,51,26,9,3,18,7,32,21,5
ACLY,4557,1663,1830,1438,6449,1734,1443,2300,2151,1748,1413,1692,1798,1667,2222,1629,2174,3697,2304,2508,1790,1559,1336,3401,2508,4716,1567,675,1251,1741,2025,1679,3377,1425,1858,1991,2051,1410
ACMSD,3589,4,7,4,6,1,3,2,10,6,21,0,4,5,6,6,1,13,6,10,1,4,1,6,0,1,5,0,3,2,3,2,3,9,0,8,7,1
ACO1,7565,596,1361,1660,1109,536,420,387,394,654,622,1096,662,617,576,601,753,1681,519,897,543,463,496,1753,371,711,494,132,438,870,818,549,651,439,664,753,858,1098
ACO2,2734,964,754,898,2092,1101,760,3595,2173,1819,548,2707,1253,1891,849,1244,2539,2588,1890,712,1699,684,1382,888,2671,2266,1102,538,978,1506,1715,2363,2524,2076,835,685,1582,1173
ACOD1,2163,0,4,1,0,0,3,3,0,2,3,1,4,4,0,1,0,3,4,3,0,0,1,15,0,0,0,1,0,13,0,3,1,0,1,1,0,8
ACOT1,4437,14,20,17,45,21,14,27,12,13,2,126,14,30,17,2,10,80,24,22,16,5,21,28,36,33,33,18,29,7,48,19,28,12,51,13,44,36
ACOT11,7742,246,771,1310,420,479,345,627,280,274,209,236,535,1760,522,886,851,637,887,639,445,384,932,467,330,738,631,391,577,263,571,842,452,578,674,517,847,454
ACOT12,4732,4,11,13,9,9,11,2,5,5,11,19,4,16,11,5,3,17,15,5,4,3,5,8,4,1,3,2,6,8,8,9,2,3,10,11,9,5
ACOT13,4330,391,351,471,631,259,457,463,816,447,361,710,563,386,499,331,454,1026,600,408,249,371,472,603,713,269,305,703,354,505,343,549,405,191,352,274,498,715
ACOT2,2411,304,146,111,358,94,86,196,285,165,131,573,95,213,102,37,94,308,154,77,126,140,101,243,313,364,134,98,104,96,232,99,276,63,98,134,183,98
ACOT4,1465,134,33,82,122,20,29,81,121,88,95,158,21,155,13,23,55,127,151,43,47,60,34,208,91,185,63,44,68,39,104,65,85,15,39,48,27,80
ACOT6,1699,1,2,2,2,0,2,7,5,1,2,2,0,5,1,1,0,2,3,2,1,5,0,2,0,6,2,0,1,1,10,0,8,0,0,1,0,2
ACOT7,2350,999,982,773,313,835,654,681,702,424,571,1635,2021,1096,659,1498,875,1430,2110,1362,944,1190,984,2011,2506,1136,637,1028,531,1160,1220,1255,1754,686,2128,387,1168,836
ACOT8,1236,569,283,336,427,278,296,270,377,237,199,395,356,313,347,425,382,660,714,311,310,275,336,362,631,395,274,647,282,319,514,277,421,234,219,285,357,487
ACOT9,4318,569,1110,1038,571,1008,365,550,509,715,497,623,445,1349,435,349,489,1782,852,795,1042,674,679,2327,404,407,496,84,322,435,906,1266,1139,452,766,665,882,711
ACOX1,7652,713,992,799,1435,881,1151,989,795,763,924,766,993,1003,1374,1290,472,2064,2039,786,1533,1426,1154,845,396,940,1235,530,1513,2031,1046,935,877,513,1161,861,923,1147
ACOX2,3232,51,135,20,28,22,18,48,95,18,27,35,67,7,88,8,22,76,77,72,26,24,40,13,12,13,105,24,40,14,54,64,58,10,3,138,68,18
ACOX3,19000,578,1271,871,493,485,648,458,1016,1056,688,638,1334,1818,894,839,1195,1404,911,524,610,1168,747,782,487,412,2233,821,2228,3104,912,746,798,1244,455,481,801,1005
ACOXL,26137,32,32,14,50,16,42,21,28,24,56,38,27,8,13,15,14,53,37,12,30,27,19,34,9,33,10,7,35,32,10,14,19,13,15,60,16,31
ACOXL-AS1,3212,3,4,0,3,0,0,0,0,3,0,1,0,1,0,0,0,0,2,1,0,0,0,0,0,0,1,0,0,3,0,1,0,1,0,2,2,0
ACP1,1805,527,883,816,1765,635,413,781,808,513,970,1788,733,783,826,730,806,1682,979,1155,425,894,826,1547,626,808,613,398,572,916,829,938,947,411,961,567,902,961
ACP2,2283,928,781,904,749,802,1125,1301,732,644,626,782,495,780,500,392,807,1628,753,949,673,364,878,1916,857,1165,491,349,426,1657,881,1074,943,852,645,521,880,1405
ACP3,3814,14,99,41,412,175,130,24,445,43,36,296,879,89,730,653,138,444,34,185,464,231,1641,47,29,35,1390,531,1140,78,191,295,115,175,841,103,386,548
ACP4,1342,43,23,64,37,13,12,13,17,10,29,12,11,46,36,18,13,22,37,12,16,44,22,14,9,5,12,2,6,19,11,20,17,32,15,28,16,11
ACP5,2066,996,1568,1407,418,1102,1661,1566,1354,562,1623,2335,1864,773,1507,1584,1264,2889,3714,1515,758,1290,853,2170,900,539,603,4437,818,5106,2693,2786,1963,1038,1012,679,1973,3639
ACP6,9474,336,332,305,816,211,432,154,655,526,458,459,207,662,287,265,454,850,783,261,347,220,318,342,231,289,268,47,271,510,343,1122,393,121,129,471,356,648
ACP7,3731,80,18,0,0,20,26,1,3,20,48,7,1096,84,238,3020,19,13,6,35,35,161,100,176,13,71,190,1291,24,42,64,54,3,7,84,14,40,1
ACR,1430,0,0,0,0,0,0,0,0,0,0,0,0,0,0,0,0,0,0,0,0,0,0,0,0,0,0,0,0,0,0,0,0,0,0,0,0,0
ACR_1,1430,0,0,0,0,0,0,0,0,0,0,0,0,0,0,0,0,2,0,0,0,0,0,0,0,0,0,0,0,0,0,0,0,0,0,0,1,0
ACRBP,1905,38,43,33,145,34,35,42,35,15,70,68,20,21,31,34,23,98,41,29,17,40,20,34,62,39,34,11,35,66,50,30,64,18,21,35,62,50
ACRV1,1936,5,7,21,16,8,0,3,12,14,6,6,2,17,2,9,2,13,6,5,12,6,2,13,3,0,2,2,5,11,3,7,5,1,6,3,19,2
ACSBG1,14810,27,24,17,15,35,50,6,85,12,6,17,163,29,52,182,12,54,33,20,75,47,108,2,9,3,25,22,119,32,13,23,12,28,29,6,23,7
ACSBG2,3097,9,24,35,25,9,5,6,16,16,9,29,5,35,10,12,8,24,19,7,12,26,15,16,6,11,6,2,7,15,37,16,13,7,16,10,19,12
ACSF2,2468,589,331,255,908,335,590,371,1497,353,873,369,236,573,183,177,408,546,1012,564,302,467,296,614,421,673,415,276,304,344,612,272,286,159,183,289,438,216
ACSF3,4737,557,463,614,559,430,409,488,344,406,398,677,319,639,465,388,522,723,437,370,386,291,275,620,280,842,399,253,357,486,496,270,599,499,223,349,636,282
ACSL1,4760,509,1099,720,156,757,448,579,1385,700,342,1937,2462,599,1086,1001,319,4034,415,1524,930,1376,1037,931,173,317,2174,707,790,1946,1310,654,995,725,620,492,1364,2243
ACSL3,5577,314,776,1085,3400,395,700,232,597,1057,2060,1099,806,653,913,1149,278,2306,2495,690,1081,516,931,1295,542,211,1483,339,710,945,443,612,928,397,925,524,1420,839
ACSL3-AS1,1329,1,9,8,9,4,13,0,7,4,16,5,4,4,3,2,1,9,3,5,7,6,10,4,3,1,6,0,5,4,5,1,7,0,8,3,8,1
ACSL4,5329,337,1098,1424,832,206,399,175,1265,725,460,444,389,629,306,298,102,1802,1085,445,659,93,337,2723,227,171,389,91,238,380,612,425,254,139,233,575,938,840
ACSL5,3772,75,831,670,882,478,194,502,857,293,358,426,131,482,146,112,269,1187,721,416,241,67,502,649,349,306,228,63,245,1688,715,239,443,213,120,669,235,237
ACSL6,8147,4,24,14,3,7,15,15,8,3,8,7,10,10,6,11,97,77,35,0,10,15,10,6,4,6,7,5,120,94,6,371,21,51,273,9,47,14
ACSL6-AS1,956,0,0,0,0,0,0,0,0,0,0,0,0,0,0,0,0,0,0,0,0,0,1,0,0,0,0,0,0,0,0,0,0,0,6,0,0,0
ACSM1,3604,12,11,5,48,8,2,4,6,6,7,1,4,4,3,2,6,16,16,5,14,9,10,37,6,4,20,15,6,2,11,7,3,5,8,29,29,7
ACSM2A,3883,0,0,0,0,0,0,0,0,0,0,0,0,0,0,0,0,0,0,0,0,1,0,0,0,0,0,0,0,0,0,0,1,0,0,0,0,0
ACSM2B,3369,0,0,0,0,0,0,0,0,0,0,0,0,0,0,0,0,0,0,0,0,0,0,0,0,0,0,0,0,0,0,0,0,0,0,0,0,0
ACSM3,7658,16,120,30,320,8,18,9,175,42,13,37,12,42,14,11,4,83,10,21,86,23,60,26,3,11,31,6,20,57,41,21,18,17,16,159,56,24
ACSM4,2349,0,0,1,0,0,0,0,0,0,0,0,0,0,0,0,0,0,1,1,0,0,1,0,0,0,0,0,0,0,0,0,0,0,0,0,0,0
ACSM5,3143,5,0,1,3,1,21,12,7,2,2,9,1,1,6,3,5,29,2,4,0,9,6,6,1,4,2,1,8,9,4,4,14,8,0,6,7,9
ACSM6,2097,0,4,9,1,2,4,0,2,2,5,4,6,3,1,0,1,2,0,2,4,3,10,4,0,1,3,0,7,0,2,4,0,0,1,3,4,1
ACSS1,3970,170,476,694,3214,238,242,858,1909,395,354,402,405,751,345,305,471,920,363,157,321,320,547,482,607,512,421,205,737,319,927,635,420,719,519,735,716,244
ACSS2,3142,670,698,766,1403,577,604,616,579,571,731,1556,740,464,1116,1023,1134,1790,1193,608,1253,812,695,467,1775,1005,1082,646,726,746,845,3672,912,799,764,1190,771,1782
ACSS3,26503,83,484,9,44,46,33,15,65,44,19,7,37,18,102,17,15,244,19,36,32,35,12,3,7,10,46,4,91,8,73,5,46,19,8,223,91,28
ACTA1,1491,0,5,8,6,5,7,3,5,4,2,5,1,9,6,3,4,9,7,2,4,3,2,8,1,3,4,0,8,6,7,12,3,12,6,6,5,1
ACTA2,2051,15235,11277,681,1338,1823,589,901,1286,2719,656,1117,1249,695,4443,765,1077,9009,899,3528,524,687,294,693,1158,2803,1308,205,822,376,5406,313,985,805,330,7440,3300,432
ACTA2-AS1,2043,36,110,22,14,8,5,2,16,28,18,12,13,17,41,8,6,67,13,15,8,10,8,19,2,3,13,0,15,7,58,5,6,10,7,48,30,1
ACTB,1812,91674,64808,97061,73083,89424,68705,87948,60745,51392,53458,69046,53468,63282,53010,81131,65908,116847,57423,105266,79142,38569,57575,130268,107584,75377,53971,46309,32867,76868,96971,106687,76399,77751,60390,66930,76411,61872
ACTBL2,2794,0,3,6,0,1,1,0,1,3,6,1,5,0,0,4,0,3,0,3,0,1,1,26,0,0,0,0,0,1,2,9,1,1,2,9,0,0
ACTC1,2099,36,17,3,5,13,3,1,8,7,1,1,8,1,19,1,8,15,20,35,0,3,0,16,37,20,12,1,2,1,84,1,2,1,0,151,20,2
ACTE1P,2162,0,0,0,0,0,0,0,0,0,0,0,1,0,0,1,0,0,0,0,0,0,0,0,0,0,0,0,0,0,0,0,0,0,0,0,0,0
ACTG1,2038,4,0,6,9,9,3,1,0,3,10,1,3,5,3,5,2,13,5,3,5,3,1,4,7,4,3,10,1,7,1,4,0,6,4,2,5,0
ACTG1_1,2038,1,1,1,1,4,0,0,1,0,0,0,1,1,1,0,0,2,0,1,1,0,0,1,4,0,2,1,0,2,0,1,1,1,0,1,0,0
ACTG1P17,1670,19,18,24,26,8,18,2,26,13,4,13,18,17,9,19,6,16,11,7,13,8,12,17,4,1,7,5,4,18,9,14,20,18,10,9,19,14
ACTG1P20,2652,51,86,148,86,76,66,49,71,75,99,49,98,127,87,134,126,171,101,85,112,73,104,89,59,32,73,17,75,93,92,77,100,86,74,49,99,45
ACTG1P25,2321,42,25,5,24,6,3,39,70,19,13,33,7,25,6,12,19,36,4,13,28,8,35,11,11,6,8,6,21,8,18,53,4,24,20,7,12,37
ACTG1P4,1988,9,22,32,25,7,9,2,22,30,13,7,9,28,8,6,4,47,17,14,20,6,29,25,6,5,17,0,17,15,10,16,9,20,5,15,27,12
ACTG2,1501,2748,4168,14,53,276,57,90,207,287,34,120,105,47,1230,79,141,887,102,534,35,105,36,45,119,345,470,15,95,24,1122,21,136,66,10,1634,352,24
ACTL10,1583,143,68,97,170,81,126,91,163,52,89,77,86,83,59,60,56,169,87,59,94,99,58,69,59,88,51,136,68,61,101,220,76,65,64,80,58,170
ACTL6A,1902,949,1056,1411,1175,590,756,749,917,714,958,1599,536,1923,798,956,2017,2944,2272,1798,1507,1101,1824,1629,962,525,716,268,896,1156,1476,1646,2092,1129,2136,583,2156,1115
ACTL6B,1541,7,1,1,7,1,0,4,18,10,2,28,10,6,1,5,4,2,3,1,1,11,0,2,3,3,4,0,1,2,3,0,3,1,1,1,7,3
ACTL7A,1491,0,2,4,1,0,2,2,1,1,2,0,0,5,1,0,0,1,1,1,1,0,5,0,0,0,2,0,1,0,3,0,0,2,5,0,5,3
ACTL7B,1399,0,1,2,0,0,0,0,0,0,0,0,1,0,0,0,0,0,0,1,0,0,1,0,3,0,1,0,0,0,0,0,3,1,0,1,0,0
ACTL8,1999,0,0,0,1,0,15,0,1,1,3,29,32,2,37,4,2,3,2,6,0,50,0,0,235,13,0,1,2,0,0,0,37,1,0,5,0,10
ACTL9,1396,0,1,1,0,0,0,4,1,0,0,0,2,0,0,0,1,3,1,0,0,1,0,0,0,0,0,0,0,2,1,0,1,0,0,0,1,0
ACTMAP,3308,424,449,371,1064,199,311,534,422,268,494,846,212,300,228,275,283,417,288,263,278,653,277,354,963,465,273,75,169,332,279,260,428,304,236,279,412,203
ACTN1,5284,9814,6519,4045,5830,6992,4336,4050,3551,3181,3650,3791,8494,3713,2931,2749,3188,6602,4344,6018,3435,3350,2075,12610,11901,13911,3348,1626,1481,5993,8107,1931,5352,2677,4033,4669,6612,1547
ACTN1-DT,599,11,12,3,4,3,3,2,0,2,3,1,2,0,0,2,0,2,0,4,1,1,1,2,3,4,1,0,0,3,6,0,0,0,3,5,1,0
ACTN2,5069,0,10,3,1,2,2,3,2,2,10,4,2,2,3,0,2,9,8,5,6,2,0,151,0,0,0,0,5,7,12,1,1,1,1,4,4,0
ACTN3,3274,12,8,12,2,2,1,9,11,1,5,3,1,5,2,0,4,6,7,2,2,11,3,1,4,37,3,0,1,8,3,3,10,4,5,2,2,2
ACTN4,5142,0,0,0,0,0,0,0,0,0,0,0,0,0,0,0,0,0,0,0,0,0,0,0,0,0,1,0,0,0,0,0,0,0,0,0,0,0
ACTN4_1,5142,772,3,3,9,352,4,1,2,1,0,7,2,1,4,1,3,9,4,2,3,10,3,3,3,6,2,2,1,6,2,3,6,303,0,2,1,1
ACTR10,2429,390,592,547,562,416,297,386,387,393,364,1087,494,605,559,543,301,1356,841,662,511,398,487,705,483,284,630,520,526,589,400,389,503,178,331,355,655,635
ACTR1A,2830,2197,2042,1664,1841,2049,1142,2633,1113,890,1435,2556,2114,1953,1311,1874,1863,4408,2941,1259,1814,1472,1599,2309,2852,2899,1787,2150,1656,2382,2458,2158,1339,1077,1832,1623,1593,2071
ACTR1B,2542,0,0,0,0,0,0,0,0,0,0,0,0,0,0,0,0,0,0,0,0,0,0,0,0,0,0,0,0,0,0,0,0,0,0,0,0,0
ACTR1B_1,2542,0,0,1,1,0,0,0,0,0,0,0,0,1,0,1,32,0,0,0,20,0,1,0,0,0,0,0,0,0,0,0,1,1,0,0,0,0
ACTR2,3798,978,2337,3220,2773,1176,1338,1002,1885,2109,2443,2924,2257,2285,2916,2354,928,8465,5164,3640,2820,2523,2741,4128,958,777,2236,938,2593,2977,2033,2557,1488,949,1814,1999,3076,4277
ACTR3,6925,1849,3234,4980,3528,2158,2172,1376,2822,2834,2555,3852,4008,1830,4753,3746,2217,11820,6831,4643,4393,1544,4381,7106,1405,925,3440,2100,3488,4376,4086,3296,3091,2406,3066,2537,4525,6218
ACTR3-AS1,590,3,10,23,5,1,8,4,4,5,3,6,8,4,11,3,5,14,8,5,8,4,9,4,3,4,0,4,5,10,8,4,11,2,7,2,7,8
ACTR3B,2376,81,82,72,87,53,44,67,87,76,29,56,64,108,90,51,22,126,76,24,51,71,63,48,38,99,72,18,54,53,83,63,54,61,73,61,74,55
ACTR3BP2,1338,0,0,0,0,0,0,0,0,0,0,0,0,0,0,0,0,0,0,0,0,0,0,0,0,0,0,0,0,0,0,0,0,0,0,0,0,0
ACTR3BP5,1646,0,0,0,0,0,0,0,0,0,0,0,0,0,0,0,0,0,0,0,0,0,0,0,0,0,0,0,0,0,0,0,0,0,0,0,0,0
ACTR3BP5_1,1646,0,0,0,0,0,0,0,0,0,0,0,0,0,0,0,0,0,0,0,0,0,0,0,0,0,0,0,0,0,0,0,0,0,0,0,0,0
ACTR3C,27488,90,325,341,438,71,171,54,302,292,399,135,184,379,236,182,77,427,157,155,156,83,214,193,53,72,166,94,198,231,195,64,114,109,61,169,237,86
ACTR5,2547,317,208,216,278,147,194,256,197,141,218,245,268,233,184,277,273,463,621,407,340,133,178,345,351,243,210,133,165,191,321,168,230,170,173,202,288,308
ACTR6,1891,216,179,262,169,96,115,120,250,152,154,301,102,227,167,278,81,694,378,183,194,149,220,315,100,72,157,176,183,366,174,223,135,75,167,115,285,327
ACTR8,9800,417,573,650,949,279,360,234,684,706,576,655,498,453,558,940,475,1128,511,449,769,278,667,845,151,197,378,147,319,586,490,730,442,223,440,665,483,854
ACTRT1,1442,0,0,0,0,0,0,0,0,0,0,0,0,0,0,0,0,0,0,0,0,0,0,0,0,0,0,0,1,0,0,0,0,0,0,0,0,0
ACTRT2,1437,0,1,0,0,0,0,0,0,0,0,0,0,0,0,0,0,0,0,0,0,0,0,0,0,0,0,0,0,0,0,0,0,0,0,0,0,0
ACTRT3,1671,50,46,81,23,49,29,41,32,39,35,33,7,61,35,33,93,158,39,111,69,50,71,127,33,49,41,23,38,87,65,64,64,34,67,43,59,46
ACVR1,4265,781,928,384,788,792,551,505,318,821,443,537,424,343,391,579,597,1664,492,794,1019,238,635,721,484,813,581,158,589,436,1022,459,721,585,617,908,1047,552
ACVR1B,7898,1642,892,1404,2808,1603,1475,1165,863,1186,837,1641,904,1737,596,2233,1627,2733,1389,1050,1317,956,1446,964,1039,1992,1633,476,1202,2149,1201,992,1417,1310,1133,819,1182,883
ACVR1C,9054,28,93,194,33,16,41,76,6,70,76,26,5,53,39,120,49,285,36,143,37,20,19,106,80,34,28,5,66,39,97,30,73,72,108,96,129,98
ACVR2A,5404,111,242,165,321,73,149,93,136,220,136,327,105,138,226,223,61,508,328,165,288,73,209,138,92,62,323,53,222,199,167,178,111,110,209,186,207,141
ACVR2B,15827,183,330,579,428,120,203,136,654,305,322,276,132,370,210,456,162,331,330,177,311,212,458,282,45,57,176,30,118,247,241,443,184,132,197,227,251,175
ACVR2B-AS1,2517,80,19,19,19,3,12,13,35,20,20,21,7,11,6,21,10,17,11,2,14,9,40,18,13,6,14,9,8,23,20,13,16,5,9,19,21,7
ACVRL1,5359,481,1273,182,419,477,242,379,469,157,197,189,783,122,911,223,382,889,368,487,544,361,252,358,211,456,357,829,439,290,654,291,447,213,249,854,631,407
ACY1,1422,17,3,30,40,11,12,11,19,15,15,24,19,8,23,26,19,23,20,29,20,12,22,19,21,27,17,20,0,22,14,16,16,17,17,16,12,34
ACY3,1426,11,22,15,3854,14,45,52,90,59,27,31,30,113,10,9,10,52,22,22,14,11,12,48,31,46,4,1,7,54,91,17,43,18,3,550,27,8
ACYP1,940,105,109,270,232,99,110,80,289,135,96,425,188,369,106,150,125,320,193,140,178,182,234,186,118,68,162,54,133,201,258,103,192,118,259,122,185,140
ACYP2,3036,120,88,183,106,91,44,106,86,88,156,93,50,89,107,110,46,336,133,154,82,113,108,171,153,195,68,127,98,147,158,149,195,66,83,70,121,101
ADA,1496,94,349,444,117,491,569,298,136,107,283,459,297,331,372,78,556,644,838,485,1022,278,1065,523,1563,722,101,257,768,412,1340,322,343,539,1426,185,457,945
ADA2,4624,535,1072,758,534,287,1135,1275,505,371,520,423,377,117,332,227,399,1941,768,549,291,349,294,1238,375,630,98,182,379,1752,622,686,644,264,69,295,627,1161
ADAD1,2144,0,1,0,0,0,0,0,0,0,0,0,0,0,1,0,0,2,0,0,0,0,0,0,0,0,1,0,0,0,0,0,1,0,0,0,0,0
ADAD2,2264,28,9,42,2,16,15,10,0,36,2,76,8,28,33,73,63,39,14,11,74,97,24,1,34,37,74,56,45,20,62,4,39,52,9,4,66,56
ADAL,4855,109,93,136,231,78,84,85,257,143,101,285,86,142,96,133,90,321,203,118,160,61,203,140,41,35,93,25,146,128,146,229,142,50,126,123,133,151
ADAM10,11158,698,2351,2230,1490,791,1428,472,1574,1669,1225,1582,1058,2056,1389,1577,432,4364,3173,1518,2167,808,2192,3109,327,377,1448,284,1251,1679,1385,1722,472,589,1679,1885,1588,3800
ADAM11,5113,133,76,66,89,35,33,68,46,34,7,46,37,55,51,25,60,65,46,46,35,46,27,65,18,79,63,56,27,54,72,29,62,89,12,91,64,6
ADAM12,13541,807,713,129,430,281,260,86,643,59,521,117,703,212,483,246,325,487,231,1500,468,267,139,183,210,613,98,69,105,194,1411,274,283,72,159,665,1189,185
ADAM15,3379,64,84,192,185,102,110,64,59,81,306,224,124,123,143,142,154,267,454,282,127,161,72,97,87,139,181,154,97,351,38,228,181,110,122,133,55,192
ADAM15-EFNA4,4607,3,1,6,2,3,3,2,3,1,4,1,5,8,5,1,3,2,4,5,4,0,1,0,1,0,6,0,3,2,2,4,3,0,3,2,2,0
ADAM17,4830,341,742,770,532,509,455,435,455,641,659,1030,634,620,705,795,629,2754,598,974,780,1364,816,1561,254,456,549,109,632,877,835,985,1038,405,869,361,1226,744
ADAM18,3270,0,0,0,0,0,0,0,0,0,0,0,0,0,0,0,0,0,0,0,0,0,0,0,0,0,0,0,0,0,0,0,0,0,0,0,0,0
ADAM18_1,3271,0,0,0,0,0,0,0,0,0,0,0,0,0,0,0,0,0,0,0,0,0,0,0,0,0,0,0,0,0,0,0,0,0,0,0,0,0
ADAM19,8867,1211,1528,549,303,1612,711,804,1324,277,647,144,704,785,345,242,459,1486,430,1451,904,650,565,1423,613,4162,161,129,465,874,1235,2035,701,309,229,386,934,550
ADAM2,2610,0,0,0,0,0,0,0,0,0,0,0,0,0,0,0,0,0,0,0,0,0,0,0,0,0,0,0,0,0,0,0,0,0,0,0,0,0
ADAM2_1,2610,0,0,0,0,0,0,0,0,0,0,0,0,0,0,0,0,0,0,0,0,0,0,0,0,0,0,0,0,0,0,0,0,0,0,0,0,0
ADAM20,26609,56,291,224,323,67,111,66,111,140,141,235,169,252,219,97,52,190,160,112,131,261,303,112,61,78,107,26,145,207,111,133,82,74,125,104,201,56
ADAM20P1,3039,2,18,14,20,21,12,5,21,18,7,7,32,16,23,23,8,23,33,10,15,41,10,12,7,7,16,1,9,30,7,8,6,5,13,17,22,4
ADAM21,2647,2,6,2,4,5,4,2,10,8,1,3,23,2,11,6,6,9,34,14,3,13,9,4,1,2,7,0,4,3,11,1,3,4,4,5,7,0
ADAM21P1,2049,0,0,1,1,1,0,0,1,2,0,1,0,1,3,0,3,0,3,0,2,1,0,0,0,0,0,0,0,0,0,0,0,0,0,0,1,1
ADAM22,10100,228,422,20,89,31,163,98,34,283,35,28,16,252,164,55,21,364,65,49,75,62,59,79,2,33,79,7,122,69,256,9,29,38,12,333,361,28
ADAM23,6425,56,308,21,18,173,122,221,14,90,19,11,71,614,464,651,221,653,12,100,162,65,95,21,206,99,346,178,428,29,124,9,757,95,242,52,1061,122
ADAM28,8141,23,801,296,993,348,132,112,190,535,289,318,86,1062,128,131,196,1426,129,177,436,92,577,209,49,56,54,14,387,384,232,963,143,226,192,108,547,406
ADAM29,3804,0,1,0,1,1,0,0,1,3,0,0,0,2,0,1,0,3,0,0,0,0,0,0,0,0,0,0,0,0,3,0,0,1,0,3,0,0
ADAM30,2983,0,0,0,0,0,75,0,0,0,1,0,0,0,0,0,0,0,0,0,0,0,0,0,0,0,0,0,0,0,0,0,0,0,0,1,0,0
ADAM32,3779,0,1,0,0,1,0,0,0,0,0,0,0,0,0,0,0,0,1,0,0,0,0,0,0,0,0,0,1,0,0,0,1,0,0,0,1,0
ADAM32_1,3467,0,1,1,0,0,0,0,0,0,2,0,0,0,0,0,0,1,1,0,0,0,0,1,0,0,1,0,0,1,0,0,0,0,0,1,0,1
ADAM33,4094,629,2857,28,286,285,281,392,106,244,210,65,720,72,945,224,367,698,72,275,325,538,126,29,48,100,1123,187,868,141,811,39,783,247,105,1855,1332,113
ADAM3A,2768,1,0,0,0,0,0,0,0,0,0,0,0,0,0,0,0,0,0,0,0,0,0,0,0,0,0,0,0,0,0,0,0,0,0,0,0,0
ADAM3B,940,1,4,0,0,1,0,0,2,0,0,1,0,0,3,0,0,1,0,0,1,1,0,0,0,0,0,0,2,0,0,0,0,0,0,1,1,0
ADAM5,1901,0,0,0,0,0,0,0,0,0,0,0,0,0,0,0,0,0,1,0,0,0,0,1,0,0,0,0,0,0,0,0,0,0,2,0,0,0
ADAM5_1,929,0,0,0,0,0,0,0,0,0,0,0,0,0,0,0,0,0,0,0,0,0,0,0,0,0,0,0,0,0,0,0,0,0,0,0,0,0
ADAM6,1843,0,0,0,0,0,0,0,0,0,0,0,0,0,0,0,0,0,0,0,0,0,0,0,0,0,0,0,0,0,0,0,0,0,0,0,0,0
ADAM6_1,1843,0,0,0,0,0,0,0,0,0,0,0,0,0,0,0,0,0,0,0,0,0,0,0,0,0,0,0,0,0,0,0,0,0,0,0,0,0
ADAM7,3367,0,0,0,0,0,0,0,0,1,0,0,0,0,0,0,0,0,0,0,0,1,1,0,0,0,0,0,1,0,0,0,1,0,0,0,0,0
ADAM7-AS1,887,0,8,1,1,2,0,2,0,2,4,0,2,2,1,2,0,3,1,1,2,0,0,7,0,0,0,0,4,2,0,8,2,1,1,0,1,0
ADAM7-AS2,942,0,0,0,1,0,0,0,0,0,0,0,0,0,0,0,0,0,0,0,0,0,0,0,0,0,0,0,0,0,0,0,0,0,0,0,0,0
ADAM8,4326,568,1591,5371,3347,1389,798,799,837,337,1248,451,961,1147,296,439,1532,2103,3413,4373,1221,1731,876,3701,775,2780,259,395,349,5575,2009,1311,461,1011,562,989,1472,1056
ADAM9,4334,637,994,1510,768,654,436,296,1593,1620,1163,1017,679,2137,1452,1707,490,3215,1128,765,1884,1290,682,3873,526,225,1160,196,972,1159,1527,1347,627,317,759,1184,1901,1590
ADAM9_1,1723,0,0,0,0,0,0,0,0,0,0,0,0,0,0,0,0,0,0,0,0,0,0,0,0,0,0,0,0,0,0,0,0,0,0,0,0,0
ADAMDEC1,2438,11,256,217,13,101,54,112,220,53,144,179,59,10,42,29,21,607,501,223,78,60,139,1279,6,31,11,13,106,470,35,737,65,77,40,11,59,585
ADAMTS1,5183,413,2700,421,840,352,109,328,312,707,198,360,360,682,533,95,111,919,177,194,316,250,121,482,153,159,400,34,97,130,462,229,892,136,149,912,602,115
ADAMTS10,5136,633,991,106,190,571,378,290,213,252,480,123,580,89,573,151,238,748,582,295,262,361,145,45,108,135,425,97,321,135,620,45,271,395,144,769,722,92
ADAMTS12,9320,312,364,48,79,194,72,52,226,124,160,77,431,68,202,136,126,406,133,498,481,81,76,77,45,102,73,32,56,46,769,55,57,57,64,356,660,106
ADAMTS12_1,623,0,0,0,0,0,0,0,0,0,0,0,0,0,0,0,0,0,0,0,0,0,0,0,0,0,0,0,0,0,0,0,0,0,0,0,0,0
ADAMTS13,6852,0,0,0,0,0,0,0,0,0,0,1,0,0,0,0,0,0,0,0,1,0,0,0,0,0,0,0,0,0,0,0,0,0,0,0,0,0
ADAMTS13_1,7168,0,1,0,1,0,0,0,0,0,0,0,0,0,0,0,0,0,0,0,0,0,1,0,0,0,1,0,0,1,0,0,0,1,0,0,0,0
ADAMTS14,6256,107,237,95,58,237,143,49,491,94,152,42,419,48,183,106,111,303,80,470,144,293,48,152,94,256,125,40,58,444,342,61,78,55,49,374,378,69
ADAMTS15,6261,2515,150,104,151,750,36,11,142,4,51,8,131,71,118,315,56,55,62,127,182,63,24,216,171,1252,22,52,89,121,456,9,48,102,20,177,671,48
ADAMTS16,5081,226,31,1,73,11,6,2,14,8,31,3,3,3,40,5,4,17,1,15,6,9,1,5,4,23,2,1,6,5,47,2,3,5,4,201,23,0
ADAMTS16-DT,1584,4,5,0,7,0,1,1,0,0,8,0,0,1,1,1,0,3,1,0,0,1,0,0,0,0,0,0,0,0,4,0,0,0,0,8,3,0
ADAMTS17,38681,92,454,178,17,292,183,124,109,311,152,157,187,310,508,615,366,474,435,285,375,414,831,110,34,56,458,99,477,653,122,413,211,316,608,123,1011,109
ADAMTS18,5837,7,54,1,10,1,0,1,64,5,12,0,9,3,41,2,2,15,1,6,27,14,2,2,0,7,1,1,11,2,16,0,2,3,0,30,23,1
ADAMTS19,15151,2,204,0,28,2,0,1,1,4,1,1,0,0,4,0,0,8,0,0,0,2,2,3,0,0,2,1,6,2,0,1,3,1,0,319,13,0
ADAMTS19-AS1,786,0,12,0,2,0,0,0,0,0,0,1,0,0,0,0,0,1,0,0,0,1,0,0,0,0,0,0,2,0,0,1,0,0,0,16,0,0
ADAMTS2,17648,947,1086,166,794,1207,788,580,1360,407,781,327,1409,183,590,331,794,1601,268,1135,752,458,224,348,426,1170,424,123,451,199,1792,166,631,311,154,2998,1614,370
ADAMTS2_1,942,0,0,0,0,0,0,0,0,0,0,0,0,0,0,0,0,0,0,1,0,0,0,0,0,0,0,0,1,0,0,0,0,0,0,0,0,0
ADAMTS20,10525,13,2,4,0,2,0,3,0,0,0,0,0,0,0,5,0,2,1,0,1,1,0,0,0,0,0,1,3,0,1,0,0,0,4,0,0,1
ADAMTS3,7016,31,116,5,7,6,34,1,9,6,7,4,26,10,24,2,4,100,3,19,22,16,5,54,4,3,7,2,12,41,18,4,6,7,1,25,53,14
ADAMTS4,9777,314,680,665,61,315,119,227,321,39,107,97,231,26,130,76,129,233,488,329,372,59,91,303,114,288,92,35,52,121,379,250,137,71,85,142,273,74
ADAMTS5,9621,114,669,59,95,57,26,24,120,214,25,33,64,11,217,45,23,241,58,54,128,18,42,27,18,11,75,33,65,24,146,20,67,15,46,157,129,36
ADAMTS6,9449,42,152,21,68,15,22,9,32,65,41,20,89,37,88,2,4,94,462,24,6,20,9,36,8,7,28,2,16,37,41,14,26,10,3,61,40,15
ADAMTS7,6121,241,525,65,81,399,327,202,188,128,109,108,306,104,194,173,194,365,105,309,269,151,72,118,58,258,247,134,477,134,621,40,184,404,99,262,248,65
ADAMTS7P1,4983,0,0,0,0,0,0,0,0,0,0,0,0,5,0,0,0,1,0,1,0,0,0,0,0,0,0,0,0,0,2,2,0,2,0,2,0,0
ADAMTS7P1_1,4983,0,3,1,1,0,0,1,0,2,2,0,0,0,0,0,0,1,0,0,3,0,0,0,0,0,1,1,0,0,1,0,0,2,0,2,3,1
ADAMTS8,3628,31,72,9,10,31,3,10,20,18,159,5,10,2,17,5,15,16,3,4,4,12,2,3,8,6,7,5,10,19,61,3,8,4,1,26,6,2
ADAMTS9,10026,136,1727,102,177,214,66,71,414,87,68,109,377,51,367,113,142,358,220,203,497,103,189,80,24,55,204,23,138,55,242,172,149,63,129,1645,400,98
ADAMTS9-AS1,3930,7,81,1,7,1,2,0,3,7,1,0,3,0,15,1,2,13,3,1,5,4,1,0,1,0,3,0,0,2,7,5,0,0,0,31,3,2
ADAMTS9-AS2,2228,12,130,4,27,7,10,5,9,24,3,2,10,4,43,1,1,40,2,1,9,11,9,0,0,0,15,0,31,0,27,2,8,3,3,20,13,3
ADAMTSL1,20208,96,323,24,48,31,20,55,76,37,23,26,81,5,127,7,7,43,29,15,10,40,22,13,9,42,83,18,37,71,72,7,79,10,4,219,38,27
ADAMTSL2,4313,109,83,56,171,147,93,221,55,115,52,39,221,83,182,137,157,166,114,135,126,35,106,75,95,215,95,152,85,25,128,40,93,72,184,104,104,24
ADAMTSL3,7841,3,0,0,0,0,0,0,1,0,0,0,0,1,1,0,0,0,0,0,0,0,0,0,0,0,0,0,0,0,1,0,0,0,0,1,0,0
ADAMTSL3_1,7841,0,0,0,0,0,0,0,0,0,0,0,0,0,0,0,0,0,0,0,0,0,0,0,0,0,0,0,0,0,0,0,0,0,0,0,0,0
ADAMTSL4,6827,219,924,861,162,852,918,279,327,235,449,855,630,160,641,1020,635,781,1870,983,699,393,393,782,968,341,1219,752,859,7240,409,797,420,485,314,409,768,771
ADAMTSL4-AS1,1036,12,67,91,21,39,81,21,38,36,54,45,44,34,34,72,33,94,60,90,76,33,38,66,11,13,37,14,56,157,45,131,31,83,50,29,81,27
ADAMTSL4-AS2,840,8,61,52,6,34,38,4,19,13,17,13,19,8,31,36,16,28,24,51,26,21,18,31,4,2,31,7,34,56,27,54,17,18,15,23,58,20
ADAMTSL5,3011,174,151,215,159,386,496,77,139,90,62,376,94,17,409,488,876,215,195,84,219,410,480,242,262,434,400,208,270,795,286,47,112,63,323,525,444,471
ADAP1,3054,995,206,111,2118,570,283,421,723,98,253,394,124,280,63,57,199,255,392,462,77,299,87,538,299,874,286,243,103,166,517,224,188,106,56,1820,379,194
ADAP2,2687,0,0,0,0,0,0,0,0,0,0,0,0,0,0,0,0,0,0,0,0,0,0,0,0,0,0,0,0,1,0,0,0,0,0,0,0,0
ADAP2_1,2687,0,0,0,0,0,0,0,0,0,0,0,0,0,0,0,0,0,0,0,0,0,0,0,0,0,0,0,0,0,0,0,0,0,0,0,0,0
ADAR,7135,4382,6603,13606,6697,6715,5899,9351,5242,13017,7497,9999,3359,9160,5376,4070,13018,17347,18426,8036,4598,4441,5033,17862,6057,5679,3346,1786,6328,8343,8465,8518,12342,7048,2796,4761,6083,6576
ADARB1,20257,283,668,233,465,206,243,287,427,195,228,318,1484,217,677,380,472,679,612,343,319,584,162,825,307,423,351,154,338,353,390,348,273,249,216,440,611,247
ADARB2,8475,14,266,35,6,21,19,37,44,94,16,25,11,566,8,6,18,152,710,395,26,13,282,37,4,4,2,1,10,13,50,341,74,16,56,22,51,15
ADARB2-AS1,868,13,24,0,1,0,2,1,0,15,0,2,1,56,1,0,3,1,16,30,2,0,45,0,0,0,0,0,3,1,2,19,4,0,0,0,5,0
ADAT1,5927,485,631,475,325,643,435,407,538,615,441,556,403,664,373,458,389,1124,340,490,658,320,341,801,459,495,304,99,426,394,456,293,660,313,254,347,838,538
ADAT2,9977,61,367,485,448,97,165,105,401,106,234,296,548,187,458,337,101,711,691,365,298,188,344,374,54,47,422,36,192,298,127,197,217,146,144,303,488,188
ADAT3,1599,101,198,377,447,120,194,325,262,106,72,271,175,270,212,222,223,361,86,129,166,218,214,151,247,257,188,221,82,310,230,291,159,273,217,168,174,132
ADCK1,4214,123,137,205,223,159,169,97,153,200,89,362,151,146,163,103,142,291,173,213,137,106,145,177,121,190,174,68,121,131,244,110,279,165,137,107,162,111
ADCK2,2574,708,314,361,468,407,304,970,420,315,322,1373,363,578,575,473,881,974,952,349,469,705,544,454,525,1107,442,800,378,637,660,515,429,421,507,242,505,700
ADCK5,3745,0,0,1,0,0,0,0,0,0,0,0,0,0,1,0,0,0,0,0,2,0,1,0,0,0,0,0,0,0,0,0,0,0,0,0,0,1
ADCK5_1,3071,0,0,1,0,0,0,0,0,0,0,0,0,0,0,0,0,0,2,0,0,0,0,0,0,1,1,0,1,0,0,0,0,0,0,0,2,0
ADCY1,13098,143,134,49,69,91,197,591,85,27,149,44,227,12,214,107,282,149,592,124,116,196,58,660,12,149,191,17,106,154,100,33,104,282,105,381,54,84
ADCY10,6185,2,20,10,3,5,9,2,6,7,4,2,2,14,3,3,0,10,9,7,5,2,2,7,1,1,0,1,1,1,2,15,10,1,1,7,9,1
ADCY10P1,4569,8,113,122,26,49,55,15,86,32,23,24,34,74,32,54,16,94,20,24,60,52,44,23,6,17,55,8,57,27,39,97,38,39,75,36,78,48
ADCY2,7340,842,67,3,33,10,8,45,33,166,15,0,4,3,18,1,6,54,4,5,12,2,20,0,1,15,22,9,29,0,23,2,23,4,0,48,24,8
ADCY3,6128,1208,1543,1195,1240,1057,1191,2418,956,747,942,3091,854,1678,1084,807,1663,1655,963,1237,841,963,1384,2051,1958,2892,823,322,810,1933,1362,1457,2283,1481,807,949,1429,991
ADCY4,3710,0,0,0,3,0,0,0,0,1,0,0,0,0,0,0,0,0,1,0,0,0,0,0,0,0,0,0,0,0,0,0,0,0,0,0,6,0
ADCY4_1,3710,0,2,0,1,0,0,0,1,0,0,0,0,0,0,1,0,0,0,0,1,0,0,0,0,0,1,0,0,0,0,0,0,2,0,0,0,0
ADCY5,8905,178,632,52,499,71,51,76,86,104,53,16,39,49,226,16,58,164,16,37,156,375,270,56,14,27,96,6,64,87,186,20,163,110,804,848,77,7
ADCY6,11450,1924,2126,1086,8252,1186,1516,1603,2042,1951,1755,1242,790,2273,1110,1140,2536,2719,1487,853,1752,1948,1374,1389,874,1478,1830,312,1515,1186,2586,1041,1162,1510,768,4118,1512,1472
ADCY6-DT,554,24,4,8,47,2,5,12,9,6,7,3,2,11,4,3,8,5,2,1,7,4,8,3,3,1,4,0,5,11,6,3,2,0,6,22,3,3
ADCY7,6971,558,711,864,234,1433,984,1296,1073,630,741,335,1176,669,746,1191,952,1730,1039,1442,889,776,534,1958,706,995,774,323,712,911,1062,412,1259,2234,143,454,1522,811
ADCY8,4568,1,0,0,0,0,0,0,0,0,1,0,0,0,1,0,0,1,0,0,0,0,0,0,0,0,0,0,0,0,0,0,0,0,0,5,2,0
ADCY9,8167,1417,827,571,1489,1133,1020,1018,1321,1070,526,1586,417,1477,507,975,1320,876,958,571,1072,568,580,887,1306,1390,627,387,547,619,1430,973,502,616,612,2348,568,282
ADCYAP1,4425,14,37,0,6,2,4,3,3,8,2,0,28,1,26,0,0,45,3,22,23,25,2,3,4,2,53,13,0,0,2,0,14,2,2,8,76,22
ADCYAP1R1,6807,37,162,2,19,43,15,92,1207,13,4,2,94,4,88,27,20,117,17,66,126,65,52,1,4,23,51,39,102,12,44,7,158,46,16,83,36,24
ADD1,5153,3609,3168,2399,3213,2130,1775,2947,2577,2775,2398,2492,2653,5202,2466,2651,3272,4590,4164,1917,2790,1804,1437,3781,4101,3499,2989,1520,2409,3497,3870,2175,4015,2381,1056,2419,3277,1825
ADD2,11260,16,86,39,27,29,15,23,21,28,547,14,25,7,20,74,12,55,28,15,27,571,15,35,2,10,36,4,26,35,49,15,377,16,6,41,35,11
ADD3,6394,717,1994,1340,2371,583,545,596,2535,840,1017,3558,516,976,623,488,256,7171,1606,476,1825,597,1682,776,277,167,1079,239,1407,1165,849,1069,574,464,1117,2216,1342,1055
ADD3-AS1,1280,2,7,4,11,2,1,1,4,4,0,3,5,9,4,1,1,4,2,0,2,2,2,1,0,1,4,1,3,1,3,1,5,1,0,10,1,1
ADGB,5318,1,5,0,0,0,1,0,7,2,0,0,0,1,1,0,0,0,2,0,0,0,1,0,0,0,0,0,2,0,1,0,0,0,0,0,0,0
ADGB-DT,2190,0,0,0,0,0,0,0,0,0,0,0,0,0,0,0,0,0,0,0,0,0,0,0,0,0,0,0,0,0,0,0,0,0,0,0,0,0
ADGRA1,7285,1,2,1,93,10,1,147,0,0,0,0,1,0,2,2,8,1,40,0,6,10,17,0,2,1,63,6,1,55,11,0,4,47,3,97,0,1
ADGRA1-AS1,475,0,0,0,0,0,0,0,0,0,0,0,0,0,0,0,0,0,0,0,0,1,0,0,0,0,0,0,0,0,0,0,0,0,0,0,0,0
ADGRA2,7013,4181,3742,216,1090,784,588,1424,1346,887,303,321,1329,268,1699,424,829,2272,282,727,966,703,322,279,532,1135,898,401,1035,212,1955,237,1571,474,310,3593,1769,347
ADGRA3,30199,376,927,189,847,310,308,153,627,567,329,415,460,410,284,173,252,1116,750,421,388,297,496,350,153,139,324,40,219,66,564,350,413,369,268,526,835,260
ADGRB1,6573,83,136,17,63,95,62,56,9,9,28,17,44,8,95,22,280,80,266,39,33,55,15,18,81,251,36,34,69,91,40,16,44,91,48,121,145,19
ADGRB2,9565,1780,378,133,116,86,203,346,147,266,254,49,97,472,105,55,94,301,46,255,288,110,107,510,230,803,34,35,103,598,734,22,81,112,252,238,656,4
ADGRB3,6090,5,22,1,1,0,2,4,1,2,0,0,2,1,10,1,1,14,1,3,3,16,1,1,0,0,9,0,24,0,4,1,17,3,0,8,4,2
ADGRB3-DT,534,0,4,0,0,1,1,1,0,0,2,0,1,0,3,4,0,4,0,0,0,1,1,0,0,0,6,0,3,0,1,0,1,0,0,0,2,0
ADGRD1,11640,70,386,3,90,19,12,57,18,28,17,7,16,5,59,13,9,87,55,12,5,37,7,8,4,8,101,3,128,8,73,9,87,14,3,296,27,4
ADGRD1-AS1,789,3,1,0,1,0,0,0,0,0,1,0,0,0,1,0,0,0,0,1,0,0,0,0,0,0,1,0,2,1,0,0,0,0,0,0,1,0
ADGRD2,4779,0,7,79,0,32,57,16,0,7,0,300,163,26,99,101,53,29,67,23,29,22,59,38,36,99,21,3,28,60,18,1,93,42,38,1,57,5
ADGRE1,3487,12,181,19,3,17,9,23,9,7,40,8,12,3,12,6,8,40,37,82,31,13,17,256,2,6,0,31,9,324,201,12,14,5,1,2,22,35
ADGRE2,9120,133,397,233,48,135,265,179,535,60,316,81,332,43,128,175,270,461,764,667,231,181,257,473,70,79,86,38,117,784,304,368,98,97,81,142,234,408
ADGRE3,2495,1,19,1,1,6,2,5,29,1,13,7,18,1,0,4,4,30,6,83,34,24,17,6,1,14,1,3,7,7,92,13,2,3,3,3,25,15
ADGRE4P,5042,5,53,61,10,10,60,16,9,7,30,8,15,4,16,29,4,52,44,91,18,49,21,61,4,2,11,5,43,65,19,9,30,14,7,8,38,47
ADGRE5,3190,791,2293,2236,670,1578,994,1709,1843,404,2014,1159,650,813,541,395,971,2801,2786,1574,769,882,483,4292,815,1039,501,319,407,3473,2769,1558,1434,1164,745,2060,1454,1314
ADGRF1,6044,6,128,1623,892,1281,467,175,57,578,158,371,37,273,353,246,286,3666,6,144,616,674,877,45,15,51,668,208,1698,228,1541,1079,543,718,630,445,75,2095
ADGRF2,5241,4,0,0,0,22,7,0,0,3,1,2,51,0,10,19,1,6,3,3,1,28,12,1,1,7,30,2,11,3,3,3,0,9,9,1,3,4
ADGRF3,6350,23,48,53,72,24,31,33,87,71,55,22,59,92,44,35,34,65,21,12,30,37,47,64,24,11,31,10,26,37,89,40,39,44,22,24,58,26
ADGRF4,3128,34,64,153,9,719,164,44,9,190,207,282,513,117,437,634,448,975,49,338,530,1028,1015,373,140,481,765,379,911,787,463,596,58,399,639,50,138,1066
ADGRF5,6214,154,986,174,230,161,151,75,348,144,115,190,593,128,773,219,145,876,628,321,823,136,302,222,40,102,277,98,290,119,320,174,129,82,162,437,439,318
ADGRF5-AS1,1732,0,2,0,0,1,1,0,0,0,0,0,0,0,2,0,0,0,0,2,2,0,1,1,0,0,0,0,0,0,0,1,0,0,1,2,0,0
ADGRG1,5246,18176,3717,1823,6348,5669,4176,5683,4773,3217,3785,4827,2542,2494,1688,5787,4156,6102,1957,4846,5358,3279,2043,3216,9323,13360,5731,1266,3158,4840,3699,1737,5239,5567,2718,1920,4318,2698
ADGRG2,5221,217,63,24,20,16,29,14,39,75,242,14,2,34,25,21,17,97,55,10,37,48,32,31,3,14,20,1,15,40,19,8,120,30,8,128,28,12
ADGRG3,2822,22,275,67,9,85,40,80,162,10,141,45,135,7,4,40,18,135,111,387,117,103,143,17,33,113,25,19,33,104,204,81,30,23,8,24,134,112
ADGRG4,10177,0,2,0,0,0,0,0,0,0,0,0,0,0,0,0,0,0,1,0,0,0,0,2,0,0,0,0,0,0,0,0,0,0,0,0,0,0
ADGRG5,4154,93,125,219,610,64,71,343,263,91,253,103,177,31,53,99,260,373,195,246,135,35,161,209,29,260,64,27,82,259,102,108,162,102,148,112,163,178
ADGRG6,8114,118,329,820,110,269,382,278,880,259,906,160,420,764,431,628,124,2075,1140,923,727,400,957,1826,106,28,676,155,726,1033,606,347,118,285,174,861,888,359
ADGRG7,3267,0,10,1,14,0,1,0,0,9,0,0,1,6,0,0,2,1,2,1,3,3,2,0,2,0,1,0,1,1,9,0,0,1,0,4,46,1
ADGRL1,9347,0,0,1,0,0,0,0,6,0,0,1,0,0,1,1,0,0,1,0,0,1,0,1,0,0,0,0,0,0,1,0,0,0,0,1,0,0
ADGRL1_1,9347,0,0,0,0,0,0,1,1,0,1,0,0,0,0,0,0,0,0,0,0,0,0,0,0,0,0,0,0,0,0,0,0,0,0,0,0,0
ADGRL1-AS1,2888,0,0,0,0,0,0,0,0,0,0,0,0,0,0,0,0,0,0,0,0,0,0,0,2,0,0,0,0,0,0,0,0,0,0,0,0,0
ADGRL1-AS1_1,2888,0,0,0,0,0,0,0,0,0,0,0,0,0,0,0,0,0,0,0,0,0,0,0,0,0,0,0,0,0,0,0,0,0,0,0,0,0
ADGRL2,10308,512,1113,545,207,566,322,456,508,861,1260,125,1013,1046,1571,2200,245,4816,1618,1587,1771,430,1306,3674,127,112,843,574,2018,153,601,818,169,253,414,446,880,403
ADGRL3,19765,367,72,89,6,8,38,190,110,442,15,0,16,10,134,6,4,506,7,70,26,33,6,37,33,2,41,6,35,0,25,4,91,180,10,20,306,7
ADGRL3-AS1,467,0,0,0,0,0,0,0,0,0,0,0,0,0,0,0,0,0,0,0,0,0,0,0,0,0,0,0,0,0,0,0,0,0,0,0,0,0
ADGRL4,3539,83,618,47,116,56,68,41,166,56,53,122,210,54,355,48,36,421,205,95,261,73,123,109,22,36,119,62,123,64,129,88,57,44,54,233,142,186
ADGRV1,19716,942,22,169,530,3,130,74,365,70,140,323,10,3,69,259,162,14,5,5,12,137,8,127,2,97,43,209,140,72,4,7,425,238,464,8,20,374
ADH1A,1454,4,11,8,0,0,1,3,6,28,1,3,1,6,6,2,0,15,0,1,3,5,2,1,2,1,4,0,3,0,2,0,0,4,1,4,4,0
ADH1B,4189,29,295,2,1,2,0,8,3,27,0,11,2,1,9,0,1,27,0,4,1,11,1,1,0,1,39,0,22,0,2,1,36,5,0,10,6,0
ADH1C,1454,2264,65,0,8,3,3,65,106,1895,0,600,0,2,0,3,2,23,0,1,80,5,11,1,61,265,12,7,28,0,8,1,353,4,1,477,3,6
ADH4,2150,9,17,5,5,3,1,3,2,18,3,4,2,11,3,2,1,12,1,2,7,3,3,0,3,0,10,0,17,0,4,0,11,7,0,0,4,3
ADH5,2652,3216,2449,2816,1291,1475,853,1496,1998,1846,791,1266,920,1713,1677,908,713,3912,1594,1213,1553,587,1180,1937,1399,1060,1509,868,703,739,2111,590,2157,922,920,856,2131,1586
ADH6,3483,15,18,53,82,5,2,12,5,30,7,9,5,27,8,10,7,41,3,3,21,4,13,0,4,1,10,0,3,2,9,4,15,13,7,21,11,4
ADH7,2227,1259,362,31,3,484,227,13,3,1538,13,2376,109,36,814,186,17,491,5,16,1871,527,148,1,400,609,1931,213,471,5,158,1,1441,113,556,14,489,1618
ADHFE1,1972,126,108,147,251,50,70,33,973,41,63,302,32,34,44,84,175,221,125,57,148,125,121,50,33,45,122,14,160,148,181,61,492,17,40,116,87,31
ADI1,5121,312,265,377,545,184,185,175,212,208,300,1378,150,383,291,264,378,651,398,350,179,365,348,470,262,802,195,193,189,492,387,550,417,127,249,248,241,389
ADI1_1,2503,0,0,2,0,0,0,2,0,0,0,0,0,0,0,0,0,0,0,0,0,0,0,1,0,1,0,0,0,0,0,0,2,0,0,0,0,0
ADIG,770,0,1,1,0,0,2,0,6,0,1,0,1,0,0,0,0,0,0,0,0,0,0,0,0,0,0,0,2,1,0,0,0,1,0,0,0,0
ADIPINT,2817,0,1,0,0,0,0,0,1,0,0,0,0,0,0,0,0,0,0,0,1,0,0,0,0,0,0,0,0,0,0,0,0,0,0,0,0,0
ADIPOQ,4593,0,0,0,0,0,0,0,0,0,0,2,0,0,0,0,0,0,0,0,1,0,0,0,0,0,0,0,0,0,0,0,0,0,0,0,0,0
ADIPOQ-AS1,3572,0,0,0,0,0,0,0,0,0,1,0,0,0,0,0,0,0,0,0,0,0,0,0,0,0,0,0,0,0,0,1,0,0,0,0,0,0
ADIPOR1,4099,1970,1979,4724,2743,2874,1892,2757,2199,1922,2468,3922,2936,3668,1957,5544,4307,7985,4840,5035,2783,2536,3577,4319,3565,4665,2325,4827,4569,3543,2937,3688,3536,3449,2864,1349,2292,4213
ADIPOR2,4498,0,0,0,0,0,0,0,0,0,0,1,0,1,2,0,0,0,0,0,2,0,0,1,1,0,0,1,0,0,1,0,1,0,0,1,0,0
ADIPOR2_1,4498,0,0,0,0,0,0,0,0,0,0,0,0,0,0,0,0,0,0,0,0,0,0,0,0,0,0,0,0,1,0,0,0,0,0,0,0,0
ADIRF,627,1505,74,973,194,494,48,124,29,51,151,174,85,159,287,379,57,328,1145,522,68,221,377,148,714,223,197,2301,313,113,308,142,290,51,288,367,258,1727
ADIRF-AS1,3241,244,96,535,27,135,99,51,77,46,47,121,263,309,99,344,45,125,157,79,87,140,207,89,184,147,146,185,119,86,72,101,149,68,213,93,229,103
ADISSP,2068,925,592,489,714,372,323,782,816,173,339,820,624,381,506,661,473,714,622,724,448,312,426,569,2081,1522,398,623,194,691,713,1331,589,496,502,549,682,466
ADK,14039,380,331,524,469,493,670,391,314,291,400,1096,659,730,538,817,403,1842,1177,899,581,552,751,587,539,385,575,865,633,807,542,714,320,196,581,241,563,637
ADM,1492,4230,739,806,624,1184,1144,892,343,1260,629,2564,195,670,1633,1100,1074,3440,330,2690,2205,741,448,3511,6820,823,343,1163,789,2146,2690,1959,2928,630,1521,173,3649,810
ADM2,4286,80,165,42,918,155,133,195,426,40,231,348,64,284,83,172,122,216,67,41,54,142,32,90,117,191,113,119,74,220,70,63,429,64,174,212,81,43
ADM5,788,44,60,33,27,10,12,18,16,5,8,49,36,33,68,18,19,29,25,19,25,36,23,8,54,32,43,43,18,50,27,26,38,15,35,60,18,8
ADNP,9072,2047,2439,3133,3803,1438,2095,1785,2556,2623,2357,2871,1519,2260,1709,2707,1262,5063,6064,2390,3652,2082,2445,2631,1000,983,2107,333,1849,2373,2853,1530,1928,1664,1759,1749,2685,2784
ADNP-AS1,1031,41,31,55,49,27,60,12,41,27,31,36,35,56,36,39,20,88,57,31,56,39,39,57,9,15,44,14,57,47,38,31,27,13,19,38,43,56
ADNP2,5495,509,901,692,553,732,418,702,358,545,583,747,464,577,814,892,595,1395,1184,1731,939,718,732,1245,340,423,552,172,474,520,622,1112,491,551,415,528,859,546
ADO,3760,641,488,453,738,313,323,428,397,195,310,625,375,621,238,309,361,1055,811,517,399,416,383,581,356,559,279,201,304,463,583,665,376,212,448,402,381,605
ADORA1,3181,355,81,19,270,72,78,107,64,54,221,9,53,124,27,80,194,91,82,38,123,49,141,99,14,237,15,36,48,110,128,128,39,130,11,308,130,56
ADORA2A,2788,5,7,5,5,2,2,9,8,3,4,3,4,10,2,3,7,12,5,4,8,1,6,4,6,1,3,0,2,5,7,6,7,4,2,10,16,8
ADORA2A-AS1,4024,47,40,95,19,32,20,12,21,53,13,27,47,226,12,105,21,44,81,21,56,18,79,25,91,14,24,0,28,11,67,40,266,103,48,40,168,11
ADORA2B,4136,290,201,744,312,201,294,490,92,240,155,567,209,599,220,305,417,506,673,103,355,283,478,190,576,201,301,176,131,160,558,792,141,336,598,153,410,309
ADORA3,1821,41,65,37,19,46,86,39,31,11,17,179,15,14,12,14,49,133,94,125,5,29,44,108,34,17,13,14,27,91,64,9,22,18,17,6,42,133
ADPGK,3137,787,1071,955,1019,616,846,972,787,577,834,1047,568,763,601,502,1031,1635,1453,1177,755,603,746,1319,563,962,546,237,525,1209,981,1739,774,320,618,608,769,909
ADPGK-AS1,2730,13,45,31,25,6,27,19,22,29,27,29,24,37,15,17,9,34,26,25,24,25,18,14,9,7,9,1,23,24,13,34,19,12,11,12,18,9
ADPRH,4322,130,172,173,88,136,93,189,151,72,135,51,104,32,133,70,152,380,192,151,116,99,75,282,68,130,83,74,144,195,249,88,367,77,50,147,118,165
ADPRHL1,15694,85,88,50,75,70,57,24,87,83,44,86,30,113,50,44,77,56,178,79,47,112,39,50,43,74,44,16,55,54,47,34,74,23,7,125,34,34
ADPRM,1534,39,83,85,71,37,22,46,36,71,42,50,33,102,67,50,52,172,127,42,55,37,46,86,29,19,63,39,60,53,92,56,40,36,38,66,106,73
ADPRS,1651,799,443,987,600,557,428,1070,491,439,525,787,648,612,618,749,813,1599,936,773,563,518,575,925,1858,1011,577,1137,394,938,829,544,946,733,555,412,635,635
ADRA1A,13452,4,1,1,0,1,0,0,1,3,0,0,0,0,10,1,0,2,0,3,0,1,0,0,1,0,2,0,0,0,11,0,3,0,0,30,1,0
ADRA1B,9066,3,12,0,48,1,2,1,9,2,25,4,9,4,7,6,2,5,4,4,0,2,0,0,2,2,2,0,0,0,6,6,1,0,28,47,9,2
ADRA1D,2942,27,48,1,26,6,2,11,6,14,5,3,11,5,29,5,7,23,8,14,16,8,2,3,5,9,11,3,24,3,27,4,10,6,4,201,13,3
ADRA2A,3879,486,411,35,1215,261,160,712,915,164,371,26,239,24,911,132,277,731,46,141,83,238,126,7,97,302,321,112,563,30,371,28,299,177,84,2881,714,90
ADRA2B,3696,91,13,4,4,7,8,24,8,3,12,26,5,46,12,6,30,3,94,11,9,13,73,15,17,132,6,3,7,25,24,75,23,19,21,19,32,1
ADRA2C,2142,54,1544,5,369,138,54,116,221,47,29,91,47,8,100,35,341,311,142,96,23,275,23,30,14,68,50,43,28,57,208,16,69,52,116,1053,158,5
ADRB1,3039,74,30,27,209,36,18,18,11,79,10,92,5,262,3,8,7,82,93,16,11,15,7,231,111,13,7,2,23,62,188,300,58,60,5,48,20,26
ADRB2,2013,118,93,550,19,459,180,534,165,319,59,724,110,175,377,496,398,380,40,149,776,323,674,1320,670,747,212,105,203,171,237,2262,156,155,367,94,247,377
ADRB3,2585,0,5,0,2,1,0,0,1,1,1,1,0,0,2,0,1,0,1,1,3,2,1,0,2,1,0,0,2,0,0,0,2,1,1,2,3,4
ADRM1,1480,3752,1896,3197,2515,2119,1709,4204,1941,1328,1526,3375,2516,2482,2326,2275,2210,5007,4119,2610,2386,2277,1917,3477,7287,3774,2164,3484,1925,2950,3473,2430,3248,1840,2955,1530,2551,3093
ADSL,4699,735,830,714,1017,737,439,1016,865,625,537,1039,1296,990,679,621,896,2016,1616,626,641,643,799,854,1584,1177,538,682,437,677,993,942,1277,501,554,607,1311,835
ADSS1,2280,740,67,147,101,206,219,303,46,129,341,453,42,30,126,335,214,489,1850,428,207,137,289,79,245,1962,414,325,354,121,186,38,290,748,99,75,346,249
ADSS2,6087,438,700,1043,713,380,534,268,583,815,600,1072,340,1182,546,648,374,2227,998,730,619,452,1045,859,202,256,603,174,575,673,546,953,611,235,399,500,784,513
ADTRP,7252,7,99,35,36,41,39,17,30,29,49,103,725,87,27,26,9,74,87,106,36,31,80,183,22,8,24,5,43,16,27,95,20,48,48,185,115,35
AEBP1,4097,22580,6910,588,6714,7770,3402,5056,5136,8259,3587,959,3993,888,4449,1317,2731,10206,845,3311,2729,3032,756,902,2406,5368,4474,671,3357,1364,13276,624,5288,1312,744,14362,6168,1014
AEBP2,6323,371,776,818,771,364,781,654,736,745,672,667,703,1150,820,1323,398,2648,1422,399,1229,319,806,930,360,271,726,262,829,1019,755,546,561,577,777,342,1012,904
AEN,7292,438,579,537,543,461,352,516,531,495,574,625,600,402,537,373,652,808,491,752,482,428,492,882,910,719,344,330,392,428,637,1891,925,447,668,704,398,358
AFAP1,8972,1404,1280,504,1392,541,627,634,860,1146,2828,406,458,2542,506,383,729,1182,1394,727,1194,440,798,1586,301,703,638,108,735,283,1089,752,528,745,394,805,1107,458
AFAP1-AS1,6795,27,99,60,40,26,99,58,37,55,167,9,28,611,31,43,40,70,52,39,50,46,50,55,7,12,27,3,51,380,324,14,15,28,24,35,54,13
AFAP1L1,6474,385,401,82,125,361,160,234,166,595,92,1084,597,207,731,229,244,453,239,248,489,96,344,517,348,255,257,94,259,178,273,344,131,59,530,424,689,286
AFAP1L2,6105,249,1385,686,1329,1292,627,418,528,257,491,84,979,1650,448,1795,808,1368,453,557,1096,329,1023,1776,593,2172,834,347,1312,1094,1971,291,378,506,1631,1915,942,637
AFDN,11228,876,2599,2941,3964,2560,1317,725,5202,2238,2667,1705,2775,1651,4582,4727,1844,5747,4070,2653,4131,2948,2827,2803,375,558,5330,1448,5491,1817,1121,2304,2051,2182,3828,2240,2080,3118
AFDN-DT,2311,3,52,22,19,24,13,6,66,7,18,8,26,9,67,83,24,29,24,10,21,22,19,6,0,3,70,31,65,19,5,9,9,8,38,14,3,15
AFF1,15770,1101,2676,2459,2599,1071,1239,1033,1238,2833,1442,1277,1255,3009,1447,2052,764,3254,2507,1825,3014,1511,2054,1905,487,458,1611,282,907,2962,1569,922,1060,1091,1295,1231,2446,1196
AFF1-AS1,1945,12,41,14,47,13,13,21,15,14,18,20,24,26,24,22,20,41,26,8,38,14,34,19,7,13,23,6,12,51,26,8,18,12,20,18,42,28
AFF2,13889,42,21,10,124,6,45,10,24,8,21,6,11,6,154,86,46,89,6,10,443,44,9,9,0,10,102,2,25,3,12,2,5,4,2,36,17,137
AFF3,36912,39,391,19,218,26,39,53,133,88,38,20,117,12,75,44,23,209,79,24,63,47,89,61,4,27,25,4,60,70,41,19,48,11,19,594,114,31
AFF4,9887,978,2559,2360,1585,959,1552,672,1775,3334,1495,1215,1985,2557,2920,2715,1307,6042,3046,1946,2933,1333,1962,3137,833,318,1591,490,2396,2515,1720,1584,935,888,1440,1759,2245,1930
AFG1L,31013,33,104,150,167,51,40,75,98,90,128,146,57,64,101,69,42,176,119,86,66,58,103,116,85,18,82,24,60,69,45,41,60,53,101,79,117,77
AFG3L1P,3903,408,561,720,422,620,414,308,450,548,607,677,582,1316,659,742,666,1166,500,359,673,480,530,951,528,392,671,73,499,552,1040,240,749,1481,315,394,946,429
AFG3L2,3160,413,489,540,669,536,478,1027,388,683,385,1452,615,706,975,595,811,1976,1163,705,712,589,589,802,756,1129,612,246,532,902,712,766,995,394,476,452,696,847
AFM,1997,0,0,0,0,0,0,0,0,0,0,0,0,0,0,0,0,0,0,0,0,0,0,0,0,0,0,0,0,0,0,0,0,0,0,0,0,0
AFMID,2123,540,359,310,598,214,268,561,344,273,423,496,176,526,255,288,240,579,1142,497,276,317,445,253,643,548,379,199,289,603,398,384,436,312,356,263,465,420
AFP,2426,2,1,0,0,0,0,0,0,0,0,0,0,0,0,0,0,1,0,0,0,0,0,0,0,0,0,0,0,0,2,0,21,1,0,0,0,0
AFTPH,4191,417,698,1007,1343,377,533,578,675,600,874,1331,692,1030,914,866,356,2428,1095,939,898,1020,1051,959,451,517,826,424,942,1118,764,1495,529,380,1015,694,1107,1388
AFTPH-DT,1967,7,14,13,5,5,11,7,3,8,8,23,8,8,28,12,5,31,13,6,8,5,27,9,7,4,7,7,29,4,2,65,11,1,37,5,23,18
AGA,2037,260,182,318,372,191,139,222,215,198,317,326,301,86,155,421,86,913,331,817,518,96,399,553,186,147,399,402,209,150,435,183,232,223,90,147,419,437
AGA-DT,21054,14,38,44,40,12,26,12,21,24,15,21,32,3,28,28,6,55,22,28,29,8,49,32,7,8,69,5,29,10,28,14,16,25,29,14,24,33
AGAP1,11411,972,837,838,2396,714,420,1922,1763,1195,1930,439,473,1068,759,745,903,1499,1791,1033,1277,462,998,523,579,501,676,220,558,389,753,909,1268,1127,857,1123,926,331
AGAP1-IT1,664,8,25,56,44,16,25,25,40,33,75,5,20,37,35,21,11,24,12,10,26,18,27,13,0,2,16,7,15,5,7,6,14,15,31,31,29,0
AGAP10P,1512,1,4,2,3,3,0,0,3,8,1,8,0,10,0,9,0,18,3,7,10,2,4,18,3,1,2,0,3,1,13,0,7,4,8,0,3,1
AGAP11,3482,38,46,352,27,63,21,22,7,25,27,32,42,40,106,162,13,48,107,42,23,31,36,32,11,12,101,66,92,22,35,2,63,17,43,88,73,87
AGAP12P,2141,0,0,1,0,0,0,0,0,0,0,0,0,0,0,0,0,1,0,0,0,1,0,0,0,0,0,0,0,0,0,0,0,0,0,0,0,0
AGAP12P_1,2141,0,0,0,0,0,0,0,0,0,0,1,0,0,0,1,0,0,0,1,0,0,0,0,0,0,0,0,0,0,0,1,0,0,0,0,0,0
AGAP13P,1086,7,12,17,30,6,16,3,13,6,10,16,5,33,0,17,9,26,22,7,5,40,25,2,13,6,18,2,6,10,7,7,6,15,6,44,31,5
AGAP14P,1173,0,6,3,2,0,0,1,5,2,0,0,0,0,0,3,0,1,1,1,0,0,2,4,0,2,1,0,0,0,0,0,0,0,1,1,1,0
AGAP2,7116,127,210,361,140,154,256,416,218,84,222,145,510,505,153,157,149,612,347,267,213,194,181,559,121,179,63,120,139,686,309,252,205,200,73,154,522,370
AGAP2-AS1,1531,139,130,95,165,156,115,212,59,59,91,233,99,240,129,78,153,257,85,134,74,78,134,195,330,323,93,154,58,135,161,101,101,173,174,134,251,48
AGAP3,7807,1845,1604,1771,1231,1543,976,1429,1548,831,970,2021,1996,1631,1825,1516,995,1733,2036,907,1319,1345,1268,1157,1408,2247,2174,1784,1279,1604,2799,781,1227,1326,1081,1014,1207,1034
AGAP4,3825,1,13,8,11,6,18,5,8,0,7,9,17,10,4,9,8,9,19,7,12,5,6,9,0,4,13,0,1,8,10,2,1,6,7,3,10,0
AGAP5,2719,6,12,23,41,18,17,12,19,17,16,17,21,36,18,13,16,24,31,25,12,18,24,18,2,1,22,1,22,12,13,7,14,17,14,20,23,6
AGAP6,3056,1,4,8,9,0,3,4,5,2,6,11,7,10,3,11,4,12,9,4,7,10,10,4,3,2,9,0,4,7,16,6,5,12,5,11,9,0
AGAP7P,2407,2,1,3,7,0,1,0,2,0,5,3,0,2,3,3,0,3,1,24,1,2,3,1,0,1,0,0,38,2,3,3,3,1,0,0,2,6
AGAP9,2387,0,1,0,0,0,0,0,0,0,0,0,1,0,0,1,0,0,0,2,0,0,0,0,0,1,1,0,0,1,1,0,0,1,0,0,0,0
AGBL1,16416,3,6,8,0,1,0,0,4,4,2,0,3,1,3,3,2,0,26,5,1,1,2,4,4,0,4,1,3,0,5,1,0,1,3,1,1,0
AGBL1-AS1,905,0,1,7,0,0,0,2,0,0,1,0,9,1,1,1,0,1,16,2,3,0,0,1,0,3,2,1,1,0,0,0,0,1,6,0,3,0
AGBL2,3586,0,0,0,0,0,0,0,0,0,0,0,0,0,0,0,0,0,0,0,0,0,0,0,0,0,0,0,0,0,0,0,0,0,0,0,0,0
AGBL2_1,3586,0,0,0,0,0,0,0,0,0,0,0,0,0,0,0,0,0,0,0,0,0,0,0,0,0,0,0,0,0,0,0,0,0,0,0,0,0
AGBL3,11295,22,49,47,59,17,15,14,59,42,35,22,12,63,36,18,12,103,58,18,34,26,35,23,24,15,23,10,38,51,36,55,17,14,9,32,40,27
AGBL4,14489,8,6,0,0,1,0,0,37,1,2,0,0,1,0,0,0,5,0,0,0,4,2,0,0,0,1,0,1,0,3,0,0,0,0,3,0,1
AGBL4-AS1,575,0,0,0,0,0,0,0,0,0,0,0,0,0,0,0,0,0,0,0,0,0,0,0,0,0,0,0,0,0,0,0,0,0,0,0,0,0
AGBL4-IT1,514,0,0,0,0,0,0,0,0,0,0,0,0,0,0,0,0,0,0,0,0,0,0,0,0,0,0,0,0,0,0,0,0,0,0,0,0,0
AGBL5,4006,877,553,663,1479,463,427,783,1158,508,658,1087,623,973,423,632,863,1254,517,674,539,576,625,988,746,4194,447,326,405,946,925,720,745,634,299,530,979,520
AGBL5-AS1,407,1,0,1,2,1,0,2,1,1,0,1,0,0,0,2,1,1,1,0,0,0,1,0,3,2,1,0,0,2,0,1,0,0,1,2,0,2
AGER,1762,0,0,0,0,0,0,0,0,0,0,1,0,0,6,0,0,0,0,0,0,2,0,0,0,0,0,0,0,0,0,0,0,0,0,0,0,0
AGER_1,1762,0,0,0,0,0,0,0,0,0,0,0,0,0,0,0,0,0,0,0,0,0,0,0,0,0,0,0,0,0,0,0,0,0,0,0,0,0
AGER_2,1762,0,0,0,0,0,7,0,1,0,0,0,0,0,0,0,0,0,0,2,0,0,0,0,1,1,2,0,0,1,0,0,0,0,0,0,1,0
AGER_3,1762,0,0,0,0,0,0,0,0,0,0,0,0,0,0,0,0,0,0,0,0,0,0,0,0,0,0,0,0,0,0,0,0,0,0,0,0,0
AGER_4,1762,0,0,0,0,0,0,0,0,0,0,0,0,0,0,0,0,0,0,0,0,0,0,0,0,0,0,0,0,0,0,0,0,0,0,0,0,0
AGER_5,1762,0,0,0,0,0,0,0,0,0,0,0,0,0,0,0,1,0,0,0,0,0,0,0,0,0,0,0,0,0,0,0,0,2,0,0,0,0
AGER_6,1762,0,0,0,0,0,0,0,0,0,0,0,0,2,0,0,0,0,0,0,0,0,0,0,0,0,0,0,0,0,0,0,0,0,0,0,0,0
AGFG1,8749,412,1193,1753,1855,1319,1030,1417,961,938,1215,826,1119,1176,1620,1181,708,4627,3337,1153,2297,641,2035,1347,716,546,946,407,1097,1801,740,1846,1231,816,2333,689,1677,1255
AGFG2,4937,516,570,423,2842,589,708,355,646,324,409,1449,526,578,413,316,643,744,363,461,494,1049,561,366,716,680,725,793,1064,1198,978,814,572,249,471,911,510,581
AGGF1,4490,358,584,685,589,208,341,141,451,924,507,582,662,788,659,846,244,1862,1256,388,664,394,769,840,300,178,411,164,589,645,498,558,297,327,425,537,774,859
AGK,7577,59,123,131,70,64,67,77,119,112,72,154,65,143,128,90,69,263,149,80,121,89,132,114,33,58,65,24,81,77,112,116,53,62,87,72,144,104
AGK_1,3149,0,0,0,0,0,0,0,0,0,0,0,0,0,0,0,0,0,0,0,0,0,0,0,0,0,0,0,0,0,0,0,0,0,0,0,0,0
AGK-DT,2731,1,2,0,0,3,0,0,2,13,2,16,2,0,4,2,1,4,1,2,2,1,4,8,0,0,0,0,1,2,0,3,2,2,1,1,3,0
AGL,8491,535,929,2106,445,192,471,396,446,2654,541,880,323,1944,694,647,627,6197,1118,366,1385,210,930,1005,543,136,729,176,1308,721,423,418,489,331,560,360,1836,1689
AGMAT,3095,36,65,81,388,33,46,61,328,37,106,25,44,60,65,76,39,115,157,174,20,35,100,156,89,262,31,18,18,86,58,42,186,48,66,65,78,53
AGMO,9147,11,0,0,0,0,0,0,0,0,0,0,1,0,0,1,0,0,0,0,1,2,0,0,0,0,0,4,0,0,1,0,0,0,0,0,0,0
AGO1,13864,1748,1901,1611,1438,1251,841,2273,1498,1501,1216,1590,967,2083,1121,1710,1706,2828,1826,1135,1495,1350,1316,1630,866,1207,1004,330,1080,1453,1936,1168,2073,1353,938,1098,1614,1121
AGO2,17880,1838,2414,2202,1835,1671,1733,1414,2875,1577,1806,2937,2159,2875,2454,2317,2179,2876,3932,2331,2622,2519,2448,1907,884,1000,2117,239,1182,2408,2012,3658,2080,1687,1905,2060,2115,1373
AGO3,23613,365,1455,1540,908,274,622,435,678,701,746,706,490,1210,583,650,232,2050,1019,578,1002,437,667,935,254,200,642,70,501,631,658,562,495,473,418,764,1123,475
AGO4,7567,392,835,1162,796,401,415,330,637,628,781,860,314,771,415,612,393,1555,1123,583,746,670,569,687,136,144,635,106,851,787,662,392,627,462,355,445,631,522
AGPAT1,3207,0,23,0,0,16,1,37,0,29,23,39,11,30,20,1,0,32,0,0,10,9,0,0,0,0,6,12,11,28,1,15,6,10,1,1,0,4
AGPAT1_1,3207,0,0,0,0,0,0,0,0,0,0,0,0,0,0,0,1,1,0,0,0,0,0,0,0,0,0,0,0,0,0,0,0,0,0,0,0,0
AGPAT1_2,3207,0,0,0,0,0,0,0,0,0,0,0,0,0,0,0,0,0,0,0,0,0,0,0,0,0,0,0,0,0,0,0,0,0,0,0,0,0
AGPAT1_3,3207,0,0,0,0,0,0,0,0,0,0,0,0,0,0,0,0,0,27,0,0,0,37,0,0,0,0,0,0,0,0,0,0,0,0,0,0,0
AGPAT1_4,3207,0,0,0,0,0,0,0,0,0,0,0,0,0,0,0,0,0,0,0,0,0,0,0,0,0,0,0,0,0,0,0,0,0,0,0,0,0
AGPAT1_5,3207,0,0,0,0,0,0,0,0,0,0,0,0,0,0,0,0,0,0,0,0,0,0,0,0,0,0,0,0,0,0,0,0,0,0,0,0,0
AGPAT1_6,3207,0,0,0,0,0,0,0,0,0,0,0,0,1,0,0,0,0,0,0,0,0,0,0,0,0,0,0,0,0,0,0,0,0,0,15,0,0
AGPAT2,1665,1043,467,600,2322,1197,709,1816,532,664,737,2631,1160,865,609,831,1609,1741,2732,1446,737,714,820,819,1544,1812,680,1984,442,1767,2084,499,1181,1187,1227,2372,862,376
AGPAT3,10461,1331,2187,2379,1338,1718,1268,3723,1800,1503,1231,1842,1422,2752,1493,1235,2547,3950,2977,1453,1666,2098,1476,2238,3187,2206,2065,1195,1549,3006,2691,2866,3340,1875,1912,1704,2168,1391
AGPAT4,7923,350,397,225,368,474,211,128,214,191,468,187,250,116,619,149,263,815,1126,350,304,139,202,308,620,191,102,59,190,101,364,367,111,139,308,202,381,231
AGPAT4-IT1,1869,33,49,37,83,65,59,14,52,39,88,24,43,16,181,20,69,69,177,63,43,31,31,57,43,24,14,7,28,25,53,53,17,25,51,29,65,21
AGPAT5,5299,0,0,0,0,0,0,0,0,0,0,0,0,0,0,0,0,0,0,0,0,0,0,0,0,0,0,0,0,0,0,0,0,0,0,0,0,0
AGPAT5_1,5299,0,0,0,1,0,0,0,0,0,0,0,0,0,0,0,0,0,0,0,0,0,0,0,0,0,0,0,0,0,0,0,0,0,0,1,0,0
AGPS,7808,431,776,847,1420,450,631,627,816,736,1230,1143,518,606,907,725,426,1895,2201,914,1142,448,945,1483,511,328,861,281,549,897,782,400,537,243,753,686,1245,995
AGR2,1697,938,480,75,53770,164,83,12,669,4334,4403,2687,15,544,128,7,25,1975,132,100,549,87,391,15,64,37,326,53,44,60,688,259,97,92,106,12753,43,2895
AGR3,1005,2,15,0,493,0,0,0,32,30,7,13,0,0,0,0,0,2,0,1,0,0,2,0,1,0,1,2,0,0,1,0,47,2,0,491,0,0
AGRN,8699,12077,17037,19510,5295,8679,8290,5785,4753,7901,8945,9224,5962,9726,5193,6304,12402,13117,10387,13840,7513,3875,5164,20964,29207,25505,4682,3070,4598,5610,8825,3921,37658,13606,7785,4380,12488,3040
AGRP,613,18,10,9,28,11,14,16,7,11,13,12,4,19,11,8,11,16,4,9,11,14,2,13,11,3,13,3,6,16,20,2,7,7,5,6,21,9
AGT,2185,107,16,12,68,43,10,8,166,19,43,6,7,7,40,1,10,27,1,2,17,6,2,1,9,29,37,0,31,1,39,4,17,6,1,72,15,4
AGTPBP1,18232,91,553,750,308,41,232,103,569,238,255,424,344,388,306,372,76,894,784,357,422,159,445,512,161,118,236,68,275,393,288,234,133,112,546,221,680,482
AGTR1,2561,12,13,0,3,1,1,4,0,4,3,1,2,1,11,0,2,6,1,3,2,7,1,1,2,1,2,3,19,0,10,0,7,0,0,12,9,1
AGTR2,2862,0,0,0,0,0,0,0,0,0,0,0,0,0,0,0,0,1,3,0,0,0,0,0,0,0,0,0,2,0,0,0,0,0,0,64,0,1
AGTRAP,1263,1092,989,1626,1383,1929,1455,687,1380,559,1562,1379,1293,730,1090,1596,2237,2804,2676,2969,788,693,1169,1841,2457,2345,1182,2884,1075,2608,1178,1048,1757,1441,827,479,1064,1706
AGXT,2900,0,1,0,6,1,2,0,4,1,2,1,0,0,1,13,2,7,1,0,1,6,2,0,0,0,1,1,4,11,1,1,3,3,4,6,0,2
AGXT2,2219,0,0,0,0,0,0,0,0,0,0,0,0,0,1,0,0,0,0,0,1,0,0,1,0,0,0,0,0,0,0,0,0,0,0,0,0,0
AHCTF1,9251,131,548,1032,493,149,439,163,576,695,470,547,332,1206,541,531,189,1842,985,481,621,196,579,1374,166,134,424,55,405,505,327,370,259,326,186,457,767,354
AHCTF1P1,8836,18,69,96,54,11,57,22,91,110,52,79,62,105,57,68,16,229,139,63,76,33,77,160,19,11,65,10,58,64,54,52,40,64,22,56,103,46
AHCY,12075,3826,1906,2682,4991,2200,2179,2852,6136,1730,2394,3376,3431,1902,2560,2056,2571,4306,7280,1824,2097,3031,2420,1999,3381,5601,1853,2991,1430,2046,2551,12832,4145,2080,1847,2088,2998,3490
AHCYL1,5144,1782,2415,2129,4911,2199,1407,2315,5471,1958,1453,2855,2084,2364,1929,2203,2607,7281,3811,2510,2773,2030,2533,2665,1087,2214,2316,972,2167,2404,3307,2473,3972,2227,1957,2507,2605,3064
AHCYL2,6379,270,474,324,1582,215,272,233,446,486,186,729,416,373,367,690,305,664,288,176,544,170,368,317,150,450,766,117,436,226,419,475,216,162,238,458,821,1257
AHDC1,15531,4201,4323,2617,2401,1800,2452,3526,1334,2854,1355,2912,3321,3146,3945,3805,1952,4360,1137,2199,2922,1930,2217,1267,4152,2354,3273,1132,2613,2171,1693,830,4564,2621,3177,1624,3016,1245
AHI1,7053,135,580,508,638,100,158,137,580,257,766,132,203,289,236,269,82,1209,1226,211,468,144,456,459,108,72,305,54,255,173,167,161,143,117,327,487,537,168
AHI1-DT,2357,1,14,7,2,2,4,1,10,5,8,4,4,1,6,2,0,11,13,6,2,1,5,5,5,0,2,3,4,1,4,1,4,3,2,3,10,2
AHNAK,19527,25044,22883,32172,16585,28277,15157,23341,16441,39144,10369,22989,27160,37027,35431,56888,30033,58605,24544,18030,54728,37499,17727,17091,15166,7652,56593,13378,37698,32218,40733,20806,35910,24427,22869,24086,30176,22936
AHNAK2,22075,8914,2064,2123,226,15206,3779,3224,277,5805,2536,9921,12989,3460,6787,14635,12239,9155,6933,3523,11544,10354,6334,4842,13365,16066,13241,3520,7145,1006,4733,2488,6291,13873,7271,3820,7874,1742
AHR,6243,665,1646,6363,1851,897,1349,543,945,1710,1234,2548,1347,1196,830,484,319,4038,1124,1561,2078,615,837,2491,319,518,1014,217,854,935,910,1204,922,307,770,2126,2032,1484
AHRR,5714,0,6,1,2,0,0,1,0,1,0,0,2,0,3,2,3,1,1,2,0,3,3,1,0,0,2,0,0,0,2,2,1,0,3,0,6,0
AHSA1,1453,1535,861,1576,1335,1107,1063,2228,1519,1162,1198,2965,2021,1975,1988,1197,1494,3723,2672,2175,1297,2502,1841,3314,2417,2736,1574,945,1080,1647,2007,1330,2881,2180,1780,961,1858,2096
AHSA2P,4993,331,1090,908,1066,446,924,543,1216,858,778,1393,568,1149,876,674,1075,1453,812,474,728,994,703,988,167,436,939,66,968,708,1057,707,703,641,482,1014,1301,587
AHSG,1577,2,0,0,0,2,0,0,1,0,0,1,4,1,0,0,1,0,0,0,0,2,0,1,0,0,2,1,0,1,0,0,0,0,7,0,1,0
AHSP,526,2,0,2,0,0,0,0,0,0,66,1,0,0,0,1,1,0,0,0,0,12,1,0,1,0,0,1,0,0,64,9,0,2,0,0,4,0
AICDA,2803,0,2,1,1,0,1,0,1,1,1,0,5,1,3,0,0,3,0,0,1,0,0,2,0,0,0,0,0,1,0,0,4,0,0,0,4,2
AIDA,3007,78,184,178,171,76,77,89,91,147,219,161,59,198,80,132,93,431,194,208,124,62,126,297,52,64,93,33,97,124,135,98,114,72,31,105,166,107
AIF1,970,0,0,0,0,0,0,0,0,0,0,0,0,0,0,0,0,0,0,0,0,0,0,0,0,0,0,0,0,0,0,0,0,0,0,0,0,0
AIF1_1,970,0,0,0,0,0,0,0,0,0,0,0,0,0,0,0,0,0,0,0,0,0,0,0,0,0,0,0,0,0,0,0,0,0,0,0,0,0
AIF1_2,970,0,0,2,0,0,2,1,0,0,0,0,1,0,0,1,0,6,0,0,0,0,0,1,0,1,0,0,0,2,0,0,2,0,0,0,0,0
AIF1_3,970,0,0,0,0,0,2,0,0,0,0,0,0,0,0,0,0,0,0,0,0,0,0,0,0,0,0,0,0,0,0,0,0,0,0,0,4,7
AIF1_4,970,0,0,0,0,0,1,0,0,0,0,0,0,0,0,0,0,0,0,0,0,0,0,0,0,0,0,0,0,0,0,0,0,0,0,0,0,0
AIF1_5,970,0,0,0,0,0,0,0,0,0,0,0,0,0,0,0,0,0,0,0,0,0,0,1,0,0,0,0,0,0,0,0,0,0,0,0,0,0
AIF1L,3650,281,504,67,1695,638,575,739,1008,457,524,3701,369,334,753,1210,528,1042,2449,589,318,478,293,74,138,612,2541,4527,4284,813,627,552,849,200,119,1409,381,166
AIFM1,3208,286,431,468,798,478,334,531,771,792,386,1036,526,525,584,457,446,1662,948,506,681,269,392,1151,415,394,531,111,362,845,752,842,1098,508,405,725,526,775
AIFM2,3137,324,168,310,441,382,241,549,970,121,602,450,122,455,78,90,361,427,558,552,227,201,185,620,348,547,249,76,144,362,569,595,558,201,300,452,276,204
AIFM3,2388,37,32,51,135,49,141,52,34,29,6,152,24,48,9,31,64,49,36,64,30,55,25,48,137,71,24,24,56,48,100,24,444,68,45,45,42,75
AIG1,10362,518,442,433,537,598,309,373,599,146,502,333,364,153,525,501,375,1215,933,1049,524,403,556,802,372,305,604,783,496,272,265,404,466,268,435,345,644,402
AIM2,8267,33,337,3850,27,90,744,147,47,182,296,543,99,1180,313,314,525,581,1047,259,138,278,551,3674,344,112,200,21,165,3403,599,1451,100,279,437,23,613,577
AIMP1,3528,294,518,643,746,294,351,403,592,528,485,743,691,713,691,417,210,1753,1024,688,494,479,491,945,415,235,606,471,319,592,680,379,510,338,463,478,720,789
AIMP2,3735,187,239,211,262,183,303,500,322,284,242,691,360,283,302,204,130,691,195,505,216,201,226,456,402,419,223,167,177,217,254,417,554,193,184,353,315,293
AIP,1431,1367,660,961,1156,889,612,1211,854,510,575,1059,462,934,564,504,1127,1988,2883,611,721,791,845,1177,1456,1400,483,646,551,1066,1441,758,1031,726,715,819,909,1151
AIPL1,3736,0,0,2,2,0,3,1,0,12,4,0,2,22,0,0,0,1,19,0,0,0,3,12,3,0,1,2,1,8,10,8,0,4,0,2,2,0
AIRE,2690,4,7,1,4,3,3,4,4,1,1,0,3,1,2,0,0,4,1,1,3,9,2,0,0,3,6,1,2,0,2,1,1,6,0,6,8,2
AIRN,4374,6,30,43,5,4,24,1,21,11,29,6,22,20,19,16,6,33,9,5,19,15,27,26,1,1,7,2,6,12,3,12,10,16,29,8,19,6
AJAP1,12497,23,36,7,20,8,18,8,21,9,9,8,99,7,23,109,6,49,20,36,44,21,30,24,8,15,7,2,31,12,17,12,59,4,11,76,26,16
AJM1,4642,273,361,322,865,82,483,827,461,206,902,1276,507,499,310,438,757,243,206,521,286,301,212,318,708,389,140,243,223,764,500,193,353,376,318,129,380,156
AJUBA,4728,2243,998,1690,688,2115,1028,2015,155,1116,1583,3984,1179,1670,1446,1313,2132,2795,1719,2025,1457,1162,680,3656,2631,2360,2097,1572,766,1930,1775,771,877,948,796,737,1255,902
AJUBA-DT,2212,53,33,34,46,25,30,30,31,61,31,48,27,28,37,22,30,48,43,21,36,33,33,16,12,7,36,11,29,24,27,9,39,25,11,25,54,15
AK1,2393,3,1,6,14,3,3,9,2,1,6,12,12,6,7,9,9,10,12,10,4,3,5,4,10,4,11,12,2,8,10,6,3,5,14,4,12,2
AK2,6134,2527,2921,4689,3980,1885,1726,2922,3375,2097,1871,3294,3443,3724,2885,2692,3370,6922,4029,3360,2285,2275,3108,3647,4570,3754,2000,2370,1950,4889,2895,3474,3812,2091,2553,1977,3026,2493
AK3,4515,364,1279,1736,894,281,606,300,941,755,2771,1983,638,887,854,829,349,1500,1045,796,805,646,713,1024,291,595,981,491,786,1200,597,888,361,231,782,484,1040,1280
AK4,7419,264,330,1424,729,180,244,321,203,591,520,486,481,1348,926,608,317,2337,751,674,780,405,581,1665,425,197,326,217,356,859,569,597,543,335,709,160,872,575
AK5,6119,20,13,5,5,11,7,2,5,6,7,4,18,9,36,5,13,25,3,21,13,8,16,5,4,7,1,8,12,3,67,4,5,10,36,0,37,2
AK6,1794,0,0,0,0,0,0,0,0,0,0,0,0,0,0,0,0,0,0,0,0,0,0,0,0,0,0,0,0,0,0,0,0,0,0,0,0,0
AK6_1,1794,0,0,0,0,0,0,0,0,0,0,0,0,0,0,0,0,0,0,0,0,0,0,0,0,0,0,0,0,0,0,0,0,0,0,0,0,0
AK6_2,1794,0,0,0,0,0,0,0,0,0,0,0,0,0,0,0,0,0,0,0,0,0,0,0,0,0,0,0,0,0,0,0,0,0,0,0,0,0
AK7,3630,9,13,5,151,2,2,13,297,13,37,8,29,9,24,23,9,30,18,4,86,19,19,3,10,9,41,23,19,49,12,18,19,6,22,56,75,16
AK8,4717,9,203,8,4,17,9,52,82,14,9,2,29,44,12,16,18,18,59,2,10,10,7,11,10,17,28,18,13,10,22,6,20,10,5,26,29,3
AK9,15250,47,122,106,162,32,20,32,198,91,123,46,84,61,71,126,36,262,158,57,120,56,113,63,25,18,81,23,115,146,37,75,39,33,53,81,128,122
AKAIN1,3305,0,0,0,0,0,0,1,0,0,0,0,0,0,1,0,0,1,0,0,0,0,0,0,0,0,0,0,0,0,0,0,0,0,0,0,0,0
AKAP1,5076,1119,804,1136,4241,637,827,1764,1177,1176,1135,1423,571,1522,689,647,1547,1693,1701,1020,1138,876,975,696,926,1433,1112,322,645,1403,1420,1150,1798,1219,704,1712,892,1014
AKAP10,4146,317,696,729,564,221,418,286,509,489,518,492,291,692,574,464,362,1332,960,460,585,500,574,868,149,123,424,98,531,702,675,408,269,275,449,384,750,578
AKAP11,10798,210,1276,1571,1594,253,589,174,1126,1464,518,568,716,1503,926,1053,261,3607,1057,471,1835,412,1198,1147,176,121,1152,150,1238,822,726,308,175,412,275,1236,970,845
AKAP12,8955,981,920,36,159,203,52,114,313,2017,844,104,149,72,338,28,57,857,107,146,281,123,45,128,13,38,149,15,187,48,544,53,201,39,21,434,399,103
AKAP13,13619,3597,5678,3227,5969,4570,3847,3130,3360,4278,3328,4691,3102,4504,3577,3535,5281,8442,4222,3214,5654,3859,4221,3735,1289,1369,4441,854,4591,18003,4995,5581,3659,3046,3318,4524,3481,3709
AKAP14,994,0,0,0,0,0,0,0,3,1,0,0,1,1,0,0,0,2,3,0,0,0,0,4,1,1,0,1,0,3,3,0,2,0,0,0,0,0
AKAP17A,3269,0,0,0,0,0,0,0,0,0,0,0,0,0,0,0,0,0,0,0,0,0,0,0,0,0,0,0,0,0,0,0,0,0,0,0,0,0
AKAP17A_1,3269,0,0,0,0,0,0,0,0,0,0,0,0,0,0,0,0,0,0,0,0,0,0,0,1,0,0,0,0,0,0,1,0,0,0,0,0,0
AKAP17BP,5480,0,0,4,4,0,0,0,0,1,1,3,2,4,1,0,0,3,1,3,3,2,1,1,0,0,2,0,2,6,1,7,3,1,1,1,1,0
AKAP3,3334,21,18,44,3,29,3,19,34,10,7,4,13,5,5,23,10,51,32,3,12,24,7,33,2,7,21,17,6,22,11,6,14,10,18,4,31,7
AKAP4,3009,0,0,0,0,0,0,0,0,0,0,0,0,0,0,0,0,0,0,0,0,0,0,0,0,0,0,0,0,0,0,0,0,0,0,0,0,0
AKAP5,6487,43,101,125,164,12,52,48,74,49,124,36,34,94,33,27,21,241,434,105,37,28,62,532,26,9,35,5,50,284,49,73,18,21,33,77,108,249
AKAP6,16221,49,175,92,31,32,24,18,85,57,40,29,52,91,76,77,13,195,78,56,50,32,12,58,42,4,56,6,49,15,82,5,28,30,10,19,213,37
AKAP7,16452,56,117,99,745,21,53,28,197,59,128,19,21,12,65,83,13,231,140,14,46,47,97,135,40,13,42,27,86,117,42,61,47,17,53,172,129,40
AKAP8,3665,602,837,1355,1159,710,561,1020,870,733,837,1226,540,890,844,757,1295,1608,2536,772,951,631,850,956,591,712,772,238,662,1128,961,1021,1205,895,646,728,931,720
AKAP8L,2215,918,931,1248,1449,750,737,894,1038,626,1137,1374,741,964,965,800,1203,1552,2942,739,810,1269,900,1496,1708,1233,885,580,928,1269,1184,1279,1182,982,1085,818,1187,819
AKAP9,13313,537,2379,2681,3176,477,1429,902,2178,2097,2493,2827,1664,3058,2440,1369,997,7041,3137,1280,1983,1118,2953,1596,1371,782,2657,870,1970,3152,1562,1339,823,909,1630,1703,3281,2551
AKIP1,1493,279,214,439,245,271,222,201,178,247,108,424,169,251,168,285,271,792,240,489,233,171,349,643,643,325,270,528,257,701,403,209,264,112,266,191,363,348
AKIRIN1,2688,427,864,946,720,435,471,688,462,408,577,600,606,486,654,554,485,2427,688,978,494,392,527,1192,386,465,480,197,438,739,530,834,981,219,511,530,719,528
AKIRIN2,1898,635,692,751,638,782,397,759,690,342,550,503,515,374,599,1040,566,1227,819,787,579,557,612,1214,882,1612,637,488,503,1222,559,1532,1086,337,1055,418,642,587
AKNA,14721,746,2386,2179,1580,897,1439,2613,2081,725,1785,831,1680,958,862,644,1204,4101,2031,1406,1336,1007,1215,3294,654,928,480,499,1027,2986,2030,1856,1714,920,839,1291,2653,2036
AKNAD1,3237,0,6,0,0,1,0,1,1,1,0,0,7,0,4,1,0,1,0,2,0,2,1,1,3,0,1,3,6,0,1,0,0,0,1,2,0,0
AKR1A1,1535,2134,1881,5489,3412,1848,1271,2996,3387,1919,1795,4306,2276,1414,1872,1601,2829,8227,2862,2156,1629,2109,1896,1758,2993,2018,1552,2751,1665,3067,2980,3278,6027,1972,2072,1988,1651,4101
